oc,oc_pred,date,MAP_k~kg_ad,MAP_k~fob_ad,MOP_k~kg_ad,MOP_k~fob_ad,SAM_k~kg_ad,SAM_k~fob_ad,UREIA_k~kg_ad,UREIA_k~fob_ad,CO_MES~1,CO_MES~2,CO_MES~3,CO_MES~4,CO_MES~5,CO_MES~6,CO_MES~7,CO_MES~8,CO_MES~9,CO_MES~10,CO_MES~11,CO_MES~12,nick~MAP_k,nick~MOP_k,nick~SAM_k,nick~UREIA_k,md_c,l_min_y,indv,l_max_y
1,1,1459468800000000000,6667527.0,2431966.0,8976100.0,2884870.0,0.0,0.0,0.0,0.0,False,False,False,True,False,False,False,False,False,False,False,False,True,False,False,False,1,19,0,0
1,1,1459468800000000000,6667527.0,2431966.0,8976100.0,2884870.0,0.0,0.0,0.0,0.0,False,False,False,True,False,False,False,False,False,False,False,False,False,True,False,False,1,19,0,0
1,1,1459468800000000000,6667527.0,2431966.0,8976100.0,2884870.0,0.0,0.0,0.0,0.0,False,False,False,True,False,False,False,False,False,False,False,False,False,False,True,False,1,19,0,0
0,1,1459468800000000000,6667527.0,2431966.0,8976100.0,2884870.0,0.0,0.0,0.0,0.0,False,False,False,True,False,False,False,False,False,False,False,False,False,False,False,True,1,19,0,0
1,1,1462060800000000000,1816678.0,856415.0,18066534.0,3814679.0,4827151.0,653179.0,0.0,0.0,False,False,False,False,True,False,False,False,False,False,False,False,True,False,False,False,1,19,0,0
1,1,1462060800000000000,1816678.0,856415.0,18066534.0,3814679.0,4827151.0,653179.0,0.0,0.0,False,False,False,False,True,False,False,False,False,False,False,False,False,True,False,False,1,19,0,0
1,1,1462060800000000000,1816678.0,856415.0,18066534.0,3814679.0,4827151.0,653179.0,0.0,0.0,False,False,False,False,True,False,False,False,False,False,False,False,False,False,True,False,1,19,0,0
0,0,1462060800000000000,1816678.0,856415.0,18066534.0,3814679.0,4827151.0,653179.0,0.0,0.0,False,False,False,False,True,False,False,False,False,False,False,False,False,False,False,True,1,19,0,0
1,1,1464739200000000000,11943750.0,4391523.0,50783760.0,10643679.0,6890000.0,975846.0,0.0,0.0,False,False,False,False,False,True,False,False,False,False,False,False,True,False,False,False,1,19,0,0
1,1,1464739200000000000,11943750.0,4391523.0,50783760.0,10643679.0,6890000.0,975846.0,0.0,0.0,False,False,False,False,False,True,False,False,False,False,False,False,False,True,False,False,1,19,0,0
0,1,1464739200000000000,11943750.0,4391523.0,50783760.0,10643679.0,6890000.0,975846.0,0.0,0.0,False,False,False,False,False,True,False,False,False,False,False,False,False,False,True,False,1,19,0,0
0,1,1464739200000000000,11943750.0,4391523.0,50783760.0,10643679.0,6890000.0,975846.0,0.0,0.0,False,False,False,False,False,True,False,False,False,False,False,False,False,False,False,True,1,19,0,0
1,1,1467331200000000000,1486000.0,922043.0,7150088.0,1614368.0,0.0,0.0,0.0,0.0,False,False,False,False,False,False,True,False,False,False,False,False,True,False,False,False,1,19,0,0
1,1,1467331200000000000,1486000.0,922043.0,7150088.0,1614368.0,0.0,0.0,0.0,0.0,False,False,False,False,False,False,True,False,False,False,False,False,False,True,False,False,1,19,0,0
1,1,1467331200000000000,1486000.0,922043.0,7150088.0,1614368.0,0.0,0.0,0.0,0.0,False,False,False,False,False,False,True,False,False,False,False,False,False,False,True,False,1,19,0,0
0,1,1467331200000000000,1486000.0,922043.0,7150088.0,1614368.0,0.0,0.0,0.0,0.0,False,False,False,False,False,False,True,False,False,False,False,False,False,False,False,True,1,19,0,0
1,1,1470009600000000000,39426041.0,14396939.0,72533348.0,15634509.0,5200000.0,646909.0,0.0,0.0,False,False,False,False,False,False,False,True,False,False,False,False,True,False,False,False,1,19,0,0
1,1,1470009600000000000,39426041.0,14396939.0,72533348.0,15634509.0,5200000.0,646909.0,0.0,0.0,False,False,False,False,False,False,False,True,False,False,False,False,False,True,False,False,1,19,0,0
1,1,1470009600000000000,39426041.0,14396939.0,72533348.0,15634509.0,5200000.0,646909.0,0.0,0.0,False,False,False,False,False,False,False,True,False,False,False,False,False,False,True,False,1,19,0,0
0,1,1470009600000000000,39426041.0,14396939.0,72533348.0,15634509.0,5200000.0,646909.0,0.0,0.0,False,False,False,False,False,False,False,True,False,False,False,False,False,False,False,True,1,19,0,0
1,1,1472688000000000000,27615043.0,9578475.0,35824874.0,7632801.0,8962330.0,1128192.0,0.0,0.0,False,False,False,False,False,False,False,False,True,False,False,False,True,False,False,False,1,19,0,0
1,1,1472688000000000000,27615043.0,9578475.0,35824874.0,7632801.0,8962330.0,1128192.0,0.0,0.0,False,False,False,False,False,False,False,False,True,False,False,False,False,True,False,False,1,19,0,0
1,1,1472688000000000000,27615043.0,9578475.0,35824874.0,7632801.0,8962330.0,1128192.0,0.0,0.0,False,False,False,False,False,False,False,False,True,False,False,False,False,False,True,False,1,19,0,0
0,1,1472688000000000000,27615043.0,9578475.0,35824874.0,7632801.0,8962330.0,1128192.0,0.0,0.0,False,False,False,False,False,False,False,False,True,False,False,False,False,False,False,True,1,19,0,0
1,1,1475280000000000000,1974140.0,967972.0,29602665.0,5979409.0,5400780.0,839449.0,0.0,0.0,False,False,False,False,False,False,False,False,False,True,False,False,True,False,False,False,1,19,0,0
1,1,1475280000000000000,1974140.0,967972.0,29602665.0,5979409.0,5400780.0,839449.0,0.0,0.0,False,False,False,False,False,False,False,False,False,True,False,False,False,True,False,False,1,19,0,0
1,1,1475280000000000000,1974140.0,967972.0,29602665.0,5979409.0,5400780.0,839449.0,0.0,0.0,False,False,False,False,False,False,False,False,False,True,False,False,False,False,True,False,1,19,0,0
0,1,1475280000000000000,1974140.0,967972.0,29602665.0,5979409.0,5400780.0,839449.0,0.0,0.0,False,False,False,False,False,False,False,False,False,True,False,False,False,False,False,True,1,19,0,0
1,1,1477958400000000000,17671751.0,6538402.0,25613041.0,5367789.0,1272396.0,162746.0,0.0,0.0,False,False,False,False,False,False,False,False,False,False,True,False,True,False,False,False,1,19,0,0
0,1,1477958400000000000,17671751.0,6538402.0,25613041.0,5367789.0,1272396.0,162746.0,0.0,0.0,False,False,False,False,False,False,False,False,False,False,True,False,False,True,False,False,1,19,0,0
0,1,1477958400000000000,17671751.0,6538402.0,25613041.0,5367789.0,1272396.0,162746.0,0.0,0.0,False,False,False,False,False,False,False,False,False,False,True,False,False,False,True,False,1,19,0,0
0,1,1477958400000000000,17671751.0,6538402.0,25613041.0,5367789.0,1272396.0,162746.0,0.0,0.0,False,False,False,False,False,False,False,False,False,False,True,False,False,False,False,True,1,19,0,0
1,1,1480550400000000000,300000.0,175176.0,0.0,0.0,0.0,0.0,0.0,0.0,False,False,False,False,False,False,False,False,False,False,False,True,True,False,False,False,1,19,0,0
1,1,1480550400000000000,300000.0,175176.0,0.0,0.0,0.0,0.0,0.0,0.0,False,False,False,False,False,False,False,False,False,False,False,True,False,True,False,False,1,19,0,0
1,1,1480550400000000000,300000.0,175176.0,0.0,0.0,0.0,0.0,0.0,0.0,False,False,False,False,False,False,False,False,False,False,False,True,False,False,True,False,1,19,0,0
0,0,1480550400000000000,300000.0,175176.0,0.0,0.0,0.0,0.0,0.0,0.0,False,False,False,False,False,False,False,False,False,False,False,True,False,False,False,True,1,19,0,0
1,1,1483228800000000000,6030500.0,2423202.0,5006440.0,1117819.0,3000000.0,363962.0,0.0,0.0,True,False,False,False,False,False,False,False,False,False,False,False,True,False,False,False,1,19,0,0
1,1,1483228800000000000,6030500.0,2423202.0,5006440.0,1117819.0,3000000.0,363962.0,0.0,0.0,True,False,False,False,False,False,False,False,False,False,False,False,False,True,False,False,1,19,0,0
1,1,1483228800000000000,6030500.0,2423202.0,5006440.0,1117819.0,3000000.0,363962.0,0.0,0.0,True,False,False,False,False,False,False,False,False,False,False,False,False,False,True,False,1,19,0,0
1,1,1483228800000000000,6030500.0,2423202.0,5006440.0,1117819.0,3000000.0,363962.0,0.0,0.0,True,False,False,False,False,False,False,False,False,False,False,False,False,False,False,True,1,19,0,0
1,1,1485907200000000000,60911490.0,21431753.0,129030846.0,27785893.0,6001866.0,713284.0,30804902.0,6165050.0,False,True,False,False,False,False,False,False,False,False,False,False,True,False,False,False,1,19,0,0
1,1,1485907200000000000,60911490.0,21431753.0,129030846.0,27785893.0,6001866.0,713284.0,30804902.0,6165050.0,False,True,False,False,False,False,False,False,False,False,False,False,False,True,False,False,1,19,0,0
1,1,1485907200000000000,60911490.0,21431753.0,129030846.0,27785893.0,6001866.0,713284.0,30804902.0,6165050.0,False,True,False,False,False,False,False,False,False,False,False,False,False,False,True,False,1,19,0,0
1,1,1485907200000000000,60911490.0,21431753.0,129030846.0,27785893.0,6001866.0,713284.0,30804902.0,6165050.0,False,True,False,False,False,False,False,False,False,False,False,False,False,False,False,True,1,19,0,0
1,1,1488326400000000000,11022888.0,4172301.0,12593650.0,2902594.0,4790000.0,558196.0,5002676.0,1098482.0,False,False,True,False,False,False,False,False,False,False,False,False,True,False,False,False,1,19,0,0
1,1,1488326400000000000,11022888.0,4172301.0,12593650.0,2902594.0,4790000.0,558196.0,5002676.0,1098482.0,False,False,True,False,False,False,False,False,False,False,False,False,False,True,False,False,1,19,0,0
1,1,1488326400000000000,11022888.0,4172301.0,12593650.0,2902594.0,4790000.0,558196.0,5002676.0,1098482.0,False,False,True,False,False,False,False,False,False,False,False,False,False,False,True,False,1,19,0,0
1,1,1488326400000000000,11022888.0,4172301.0,12593650.0,2902594.0,4790000.0,558196.0,5002676.0,1098482.0,False,False,True,False,False,False,False,False,False,False,False,False,False,False,False,True,1,19,0,0
1,1,1491004800000000000,16605218.0,5946978.0,23312647.0,5091609.0,13094598.0,1601334.0,5002341.0,1511247.0,False,False,False,True,False,False,False,False,False,False,False,False,True,False,False,False,1,19,0,0
1,1,1491004800000000000,16605218.0,5946978.0,23312647.0,5091609.0,13094598.0,1601334.0,5002341.0,1511247.0,False,False,False,True,False,False,False,False,False,False,False,False,False,True,False,False,1,19,0,0
0,1,1491004800000000000,16605218.0,5946978.0,23312647.0,5091609.0,13094598.0,1601334.0,5002341.0,1511247.0,False,False,False,True,False,False,False,False,False,False,False,False,False,False,True,False,1,19,0,0
1,1,1491004800000000000,16605218.0,5946978.0,23312647.0,5091609.0,13094598.0,1601334.0,5002341.0,1511247.0,False,False,False,True,False,False,False,False,False,False,False,False,False,False,False,True,1,19,0,0
1,1,1493596800000000000,432000.0,252958.0,24266410.0,5584424.0,0.0,0.0,5002340.0,1374732.0,False,False,False,False,True,False,False,False,False,False,False,False,True,False,False,False,1,19,0,0
1,1,1493596800000000000,432000.0,252958.0,24266410.0,5584424.0,0.0,0.0,5002340.0,1374732.0,False,False,False,False,True,False,False,False,False,False,False,False,False,True,False,False,1,19,0,0
1,1,1493596800000000000,432000.0,252958.0,24266410.0,5584424.0,0.0,0.0,5002340.0,1374732.0,False,False,False,False,True,False,False,False,False,False,False,False,False,False,True,False,1,19,0,0
0,1,1493596800000000000,432000.0,252958.0,24266410.0,5584424.0,0.0,0.0,5002340.0,1374732.0,False,False,False,False,True,False,False,False,False,False,False,False,False,False,False,True,1,19,0,0
1,1,1496275200000000000,27198712.0,10381130.0,24557327.0,5800415.0,3040366.0,372469.0,0.0,0.0,False,False,False,False,False,True,False,False,False,False,False,False,True,False,False,False,1,19,0,0
1,1,1496275200000000000,27198712.0,10381130.0,24557327.0,5800415.0,3040366.0,372469.0,0.0,0.0,False,False,False,False,False,True,False,False,False,False,False,False,False,True,False,False,1,19,0,0
0,1,1496275200000000000,27198712.0,10381130.0,24557327.0,5800415.0,3040366.0,372469.0,0.0,0.0,False,False,False,False,False,True,False,False,False,False,False,False,False,False,True,False,1,19,0,0
0,1,1496275200000000000,27198712.0,10381130.0,24557327.0,5800415.0,3040366.0,372469.0,0.0,0.0,False,False,False,False,False,True,False,False,False,False,False,False,False,False,False,True,1,19,0,0
1,1,1498867200000000000,7376180.0,3071437.0,34021708.0,8480923.0,0.0,0.0,0.0,0.0,False,False,False,False,False,False,True,False,False,False,False,False,True,False,False,False,1,19,0,0
1,1,1498867200000000000,7376180.0,3071437.0,34021708.0,8480923.0,0.0,0.0,0.0,0.0,False,False,False,False,False,False,True,False,False,False,False,False,False,True,False,False,1,19,0,0
0,1,1498867200000000000,7376180.0,3071437.0,34021708.0,8480923.0,0.0,0.0,0.0,0.0,False,False,False,False,False,False,True,False,False,False,False,False,False,False,True,False,1,19,0,0
0,1,1498867200000000000,7376180.0,3071437.0,34021708.0,8480923.0,0.0,0.0,0.0,0.0,False,False,False,False,False,False,True,False,False,False,False,False,False,False,False,True,1,19,0,0
1,1,1501545600000000000,35397594.0,13315403.0,33710561.0,8522620.0,0.0,0.0,0.0,0.0,False,False,False,False,False,False,False,True,False,False,False,False,True,False,False,False,1,19,0,0
1,1,1501545600000000000,35397594.0,13315403.0,33710561.0,8522620.0,0.0,0.0,0.0,0.0,False,False,False,False,False,False,False,True,False,False,False,False,False,True,False,False,1,19,0,0
1,1,1501545600000000000,35397594.0,13315403.0,33710561.0,8522620.0,0.0,0.0,0.0,0.0,False,False,False,False,False,False,False,True,False,False,False,False,False,False,True,False,1,19,0,0
0,1,1501545600000000000,35397594.0,13315403.0,33710561.0,8522620.0,0.0,0.0,0.0,0.0,False,False,False,False,False,False,False,True,False,False,False,False,False,False,False,True,1,19,0,0
1,1,1504224000000000000,36478504.0,13575544.0,74323943.0,18817948.0,6503150.0,708211.0,0.0,0.0,False,False,False,False,False,False,False,False,True,False,False,False,True,False,False,False,1,19,0,0
1,1,1504224000000000000,36478504.0,13575544.0,74323943.0,18817948.0,6503150.0,708211.0,0.0,0.0,False,False,False,False,False,False,False,False,True,False,False,False,False,True,False,False,1,19,0,0
0,1,1504224000000000000,36478504.0,13575544.0,74323943.0,18817948.0,6503150.0,708211.0,0.0,0.0,False,False,False,False,False,False,False,False,True,False,False,False,False,False,True,False,1,19,0,0
1,1,1504224000000000000,36478504.0,13575544.0,74323943.0,18817948.0,6503150.0,708211.0,0.0,0.0,False,False,False,False,False,False,False,False,True,False,False,False,False,False,False,True,1,19,0,0
1,1,1506816000000000000,31333054.0,11096571.0,52329945.0,13731565.0,0.0,0.0,25991059.0,1936336.0,False,False,False,False,False,False,False,False,False,True,False,False,True,False,False,False,1,19,0,0
1,1,1506816000000000000,31333054.0,11096571.0,52329945.0,13731565.0,0.0,0.0,25991059.0,1936336.0,False,False,False,False,False,False,False,False,False,True,False,False,False,True,False,False,1,19,0,0
1,1,1506816000000000000,31333054.0,11096571.0,52329945.0,13731565.0,0.0,0.0,25991059.0,1936336.0,False,False,False,False,False,False,False,False,False,True,False,False,False,False,True,False,1,19,0,0
1,1,1506816000000000000,31333054.0,11096571.0,52329945.0,13731565.0,0.0,0.0,25991059.0,1936336.0,False,False,False,False,False,False,False,False,False,True,False,False,False,False,False,True,1,19,0,0
1,1,1509494400000000000,8994242.0,3292175.0,42192650.0,11544900.0,7503833.0,799959.0,9482049.0,2028901.0,False,False,False,False,False,False,False,False,False,False,True,False,True,False,False,False,1,19,0,0
1,1,1509494400000000000,8994242.0,3292175.0,42192650.0,11544900.0,7503833.0,799959.0,9482049.0,2028901.0,False,False,False,False,False,False,False,False,False,False,True,False,False,True,False,False,1,19,0,0
0,1,1509494400000000000,8994242.0,3292175.0,42192650.0,11544900.0,7503833.0,799959.0,9482049.0,2028901.0,False,False,False,False,False,False,False,False,False,False,True,False,False,False,True,False,1,19,0,0
1,1,1509494400000000000,8994242.0,3292175.0,42192650.0,11544900.0,7503833.0,799959.0,9482049.0,2028901.0,False,False,False,False,False,False,False,False,False,False,True,False,False,False,False,True,1,19,0,0
1,1,1512086400000000000,10020475.0,3597391.0,28453702.0,7549857.0,0.0,0.0,6792664.0,1252018.0,False,False,False,False,False,False,False,False,False,False,False,True,True,False,False,False,1,19,0,0
1,1,1512086400000000000,10020475.0,3597391.0,28453702.0,7549857.0,0.0,0.0,6792664.0,1252018.0,False,False,False,False,False,False,False,False,False,False,False,True,False,True,False,False,1,19,0,0
1,1,1512086400000000000,10020475.0,3597391.0,28453702.0,7549857.0,0.0,0.0,6792664.0,1252018.0,False,False,False,False,False,False,False,False,False,False,False,True,False,False,True,False,1,19,0,0
1,1,1512086400000000000,10020475.0,3597391.0,28453702.0,7549857.0,0.0,0.0,6792664.0,1252018.0,False,False,False,False,False,False,False,False,False,False,False,True,False,False,False,True,1,19,0,0
1,1,1514764800000000000,16829811.0,6037474.0,64937772.0,17172224.0,8151320.0,1145535.0,11155619.0,3009818.0,True,False,False,False,False,False,False,False,False,False,False,False,True,False,False,False,1,19,0,0
1,1,1514764800000000000,16829811.0,6037474.0,64937772.0,17172224.0,8151320.0,1145535.0,11155619.0,3009818.0,True,False,False,False,False,False,False,False,False,False,False,False,False,True,False,False,1,19,0,0
0,1,1514764800000000000,16829811.0,6037474.0,64937772.0,17172224.0,8151320.0,1145535.0,11155619.0,3009818.0,True,False,False,False,False,False,False,False,False,False,False,False,False,False,True,False,1,19,0,0
1,1,1514764800000000000,16829811.0,6037474.0,64937772.0,17172224.0,8151320.0,1145535.0,11155619.0,3009818.0,True,False,False,False,False,False,False,False,False,False,False,False,False,False,False,True,1,19,0,0
1,1,1517443200000000000,12137880.0,4972938.0,32181898.0,8787952.0,0.0,0.0,8084967.0,2096714.0,False,True,False,False,False,False,False,False,False,False,False,False,True,False,False,False,1,19,0,0
1,1,1517443200000000000,12137880.0,4972938.0,32181898.0,8787952.0,0.0,0.0,8084967.0,2096714.0,False,True,False,False,False,False,False,False,False,False,False,False,False,True,False,False,1,19,0,0
0,1,1517443200000000000,12137880.0,4972938.0,32181898.0,8787952.0,0.0,0.0,8084967.0,2096714.0,False,True,False,False,False,False,False,False,False,False,False,False,False,False,True,False,1,19,0,0
1,1,1517443200000000000,12137880.0,4972938.0,32181898.0,8787952.0,0.0,0.0,8084967.0,2096714.0,False,True,False,False,False,False,False,False,False,False,False,False,False,False,False,True,1,19,0,0
1,1,1519862400000000000,7528076.0,2954770.0,12014476.0,3252458.0,0.0,0.0,14470000.0,2972680.0,False,False,True,False,False,False,False,False,False,False,False,False,True,False,False,False,1,19,0,0
1,1,1519862400000000000,7528076.0,2954770.0,12014476.0,3252458.0,0.0,0.0,14470000.0,2972680.0,False,False,True,False,False,False,False,False,False,False,False,False,False,True,False,False,1,19,0,0
0,1,1519862400000000000,7528076.0,2954770.0,12014476.0,3252458.0,0.0,0.0,14470000.0,2972680.0,False,False,True,False,False,False,False,False,False,False,False,False,False,False,True,False,1,19,0,0
1,1,1519862400000000000,7528076.0,2954770.0,12014476.0,3252458.0,0.0,0.0,14470000.0,2972680.0,False,False,True,False,False,False,False,False,False,False,False,False,False,False,False,True,1,19,0,0
1,1,1522540800000000000,1480000.0,913423.0,5006521.0,1320802.0,0.0,0.0,4410420.0,1085664.0,False,False,False,True,False,False,False,False,False,False,False,False,True,False,False,False,1,19,0,0
1,1,1522540800000000000,1480000.0,913423.0,5006521.0,1320802.0,0.0,0.0,4410420.0,1085664.0,False,False,False,True,False,False,False,False,False,False,False,False,False,True,False,False,1,19,0,0
0,1,1522540800000000000,1480000.0,913423.0,5006521.0,1320802.0,0.0,0.0,4410420.0,1085664.0,False,False,False,True,False,False,False,False,False,False,False,False,False,False,True,False,1,19,0,0
0,1,1522540800000000000,1480000.0,913423.0,5006521.0,1320802.0,0.0,0.0,4410420.0,1085664.0,False,False,False,True,False,False,False,False,False,False,False,False,False,False,False,True,1,19,0,0
1,1,1525132800000000000,4848300.0,1941925.0,25382002.0,6281045.0,0.0,0.0,0.0,0.0,False,False,False,False,True,False,False,False,False,False,False,False,True,False,False,False,1,19,0,0
1,1,1525132800000000000,4848300.0,1941925.0,25382002.0,6281045.0,0.0,0.0,0.0,0.0,False,False,False,False,True,False,False,False,False,False,False,False,False,True,False,False,1,19,0,0
0,1,1525132800000000000,4848300.0,1941925.0,25382002.0,6281045.0,0.0,0.0,0.0,0.0,False,False,False,False,True,False,False,False,False,False,False,False,False,False,True,False,1,19,0,0
0,1,1525132800000000000,4848300.0,1941925.0,25382002.0,6281045.0,0.0,0.0,0.0,0.0,False,False,False,False,True,False,False,False,False,False,False,False,False,False,False,True,1,19,0,0
1,1,1527811200000000000,7234184.0,3433922.0,5239451.0,1274200.0,0.0,0.0,0.0,0.0,False,False,False,False,False,True,False,False,False,False,False,False,True,False,False,False,1,19,0,0
1,1,1527811200000000000,7234184.0,3433922.0,5239451.0,1274200.0,0.0,0.0,0.0,0.0,False,False,False,False,False,True,False,False,False,False,False,False,False,True,False,False,1,19,0,0
1,1,1527811200000000000,7234184.0,3433922.0,5239451.0,1274200.0,0.0,0.0,0.0,0.0,False,False,False,False,False,True,False,False,False,False,False,False,False,False,True,False,1,19,0,0
1,1,1527811200000000000,7234184.0,3433922.0,5239451.0,1274200.0,0.0,0.0,0.0,0.0,False,False,False,False,False,True,False,False,False,False,False,False,False,False,False,True,1,19,0,0
1,1,1530403200000000000,4589801.0,2210698.0,3250000.0,944885.0,3283305.0,433456.0,7600558.0,1964485.0,False,False,False,False,False,False,True,False,False,False,False,False,True,False,False,False,1,19,0,0
1,1,1530403200000000000,4589801.0,2210698.0,3250000.0,944885.0,3283305.0,433456.0,7600558.0,1964485.0,False,False,False,False,False,False,True,False,False,False,False,False,False,True,False,False,1,19,0,0
1,1,1530403200000000000,4589801.0,2210698.0,3250000.0,944885.0,3283305.0,433456.0,7600558.0,1964485.0,False,False,False,False,False,False,True,False,False,False,False,False,False,False,True,False,1,19,0,0
1,1,1530403200000000000,4589801.0,2210698.0,3250000.0,944885.0,3283305.0,433456.0,7600558.0,1964485.0,False,False,False,False,False,False,True,False,False,False,False,False,False,False,False,True,1,19,0,0
1,1,1533081600000000000,44065107.0,18126437.0,94528086.0,26805611.0,10898417.0,1415926.0,3173352.0,810363.0,False,False,False,False,False,False,False,True,False,False,False,False,True,False,False,False,1,19,0,0
1,1,1533081600000000000,44065107.0,18126437.0,94528086.0,26805611.0,10898417.0,1415926.0,3173352.0,810363.0,False,False,False,False,False,False,False,True,False,False,False,False,False,True,False,False,1,19,0,0
1,1,1533081600000000000,44065107.0,18126437.0,94528086.0,26805611.0,10898417.0,1415926.0,3173352.0,810363.0,False,False,False,False,False,False,False,True,False,False,False,False,False,False,True,False,1,19,0,0
1,1,1533081600000000000,44065107.0,18126437.0,94528086.0,26805611.0,10898417.0,1415926.0,3173352.0,810363.0,False,False,False,False,False,False,False,True,False,False,False,False,False,False,False,True,1,19,0,0
1,1,1535760000000000000,25982105.0,10812943.0,74571974.0,21758622.0,2029677.0,358187.0,16538219.0,4409368.0,False,False,False,False,False,False,False,False,True,False,False,False,True,False,False,False,1,19,0,0
1,1,1535760000000000000,25982105.0,10812943.0,74571974.0,21758622.0,2029677.0,358187.0,16538219.0,4409368.0,False,False,False,False,False,False,False,False,True,False,False,False,False,True,False,False,1,19,0,0
1,1,1535760000000000000,25982105.0,10812943.0,74571974.0,21758622.0,2029677.0,358187.0,16538219.0,4409368.0,False,False,False,False,False,False,False,False,True,False,False,False,False,False,True,False,1,19,0,0
1,1,1535760000000000000,25982105.0,10812943.0,74571974.0,21758622.0,2029677.0,358187.0,16538219.0,4409368.0,False,False,False,False,False,False,False,False,True,False,False,False,False,False,False,True,1,19,0,0
1,1,1538352000000000000,22888696.0,10068367.0,118035657.0,35175911.0,13998700.0,1854203.0,8404839.0,2124906.0,False,False,False,False,False,False,False,False,False,True,False,False,True,False,False,False,1,19,0,0
1,1,1538352000000000000,22888696.0,10068367.0,118035657.0,35175911.0,13998700.0,1854203.0,8404839.0,2124906.0,False,False,False,False,False,False,False,False,False,True,False,False,False,True,False,False,1,19,0,0
1,1,1538352000000000000,22888696.0,10068367.0,118035657.0,35175911.0,13998700.0,1854203.0,8404839.0,2124906.0,False,False,False,False,False,False,False,False,False,True,False,False,False,False,True,False,1,19,0,0
1,1,1538352000000000000,22888696.0,10068367.0,118035657.0,35175911.0,13998700.0,1854203.0,8404839.0,2124906.0,False,False,False,False,False,False,False,False,False,True,False,False,False,False,False,True,1,19,0,0
1,1,1541030400000000000,12364000.0,6266324.0,21345601.0,6616792.0,1425706.0,258560.0,7808933.0,2263819.0,False,False,False,False,False,False,False,False,False,False,True,False,True,False,False,False,1,19,0,0
1,1,1541030400000000000,12364000.0,6266324.0,21345601.0,6616792.0,1425706.0,258560.0,7808933.0,2263819.0,False,False,False,False,False,False,False,False,False,False,True,False,False,True,False,False,1,19,0,0
1,1,1541030400000000000,12364000.0,6266324.0,21345601.0,6616792.0,1425706.0,258560.0,7808933.0,2263819.0,False,False,False,False,False,False,False,False,False,False,True,False,False,False,True,False,1,19,0,0
1,1,1541030400000000000,12364000.0,6266324.0,21345601.0,6616792.0,1425706.0,258560.0,7808933.0,2263819.0,False,False,False,False,False,False,False,False,False,False,True,False,False,False,False,True,1,19,0,0
1,1,1543622400000000000,26322025.0,11575279.0,116173950.0,36887288.0,2665818.0,524786.0,64606676.0,18476837.0,False,False,False,False,False,False,False,False,False,False,False,True,True,False,False,False,1,19,0,0
1,1,1543622400000000000,26322025.0,11575279.0,116173950.0,36887288.0,2665818.0,524786.0,64606676.0,18476837.0,False,False,False,False,False,False,False,False,False,False,False,True,False,True,False,False,1,19,0,0
1,1,1543622400000000000,26322025.0,11575279.0,116173950.0,36887288.0,2665818.0,524786.0,64606676.0,18476837.0,False,False,False,False,False,False,False,False,False,False,False,True,False,False,True,False,1,19,0,0
1,1,1543622400000000000,26322025.0,11575279.0,116173950.0,36887288.0,2665818.0,524786.0,64606676.0,18476837.0,False,False,False,False,False,False,False,False,False,False,False,True,False,False,False,True,1,19,0,0
1,1,1546300800000000000,7893942.0,3512188.0,35844049.0,11388661.0,7789706.0,1134354.0,20309118.0,6353663.0,True,False,False,False,False,False,False,False,False,False,False,False,True,False,False,False,1,19,0,0
1,1,1546300800000000000,7893942.0,3512188.0,35844049.0,11388661.0,7789706.0,1134354.0,20309118.0,6353663.0,True,False,False,False,False,False,False,False,False,False,False,False,False,True,False,False,1,19,0,0
1,1,1546300800000000000,7893942.0,3512188.0,35844049.0,11388661.0,7789706.0,1134354.0,20309118.0,6353663.0,True,False,False,False,False,False,False,False,False,False,False,False,False,False,True,False,1,19,0,0
1,1,1546300800000000000,7893942.0,3512188.0,35844049.0,11388661.0,7789706.0,1134354.0,20309118.0,6353663.0,True,False,False,False,False,False,False,False,False,False,False,False,False,False,False,True,1,19,0,0
1,1,1548979200000000000,33572028.0,14541200.0,51351080.0,16835143.0,5000002.0,658256.0,2000000.0,583456.0,False,True,False,False,False,False,False,False,False,False,False,False,True,False,False,False,1,19,0,0
1,1,1548979200000000000,33572028.0,14541200.0,51351080.0,16835143.0,5000002.0,658256.0,2000000.0,583456.0,False,True,False,False,False,False,False,False,False,False,False,False,False,True,False,False,1,19,0,0
0,1,1548979200000000000,33572028.0,14541200.0,51351080.0,16835143.0,5000002.0,658256.0,2000000.0,583456.0,False,True,False,False,False,False,False,False,False,False,False,False,False,False,True,False,1,19,0,0
1,1,1548979200000000000,33572028.0,14541200.0,51351080.0,16835143.0,5000002.0,658256.0,2000000.0,583456.0,False,True,False,False,False,False,False,False,False,False,False,False,False,False,False,True,1,19,0,0
1,1,1551398400000000000,2816000.0,1414435.0,31533719.0,10168757.0,0.0,0.0,2000000.0,640092.0,False,False,True,False,False,False,False,False,False,False,False,False,True,False,False,False,1,19,0,0
1,1,1551398400000000000,2816000.0,1414435.0,31533719.0,10168757.0,0.0,0.0,2000000.0,640092.0,False,False,True,False,False,False,False,False,False,False,False,False,False,True,False,False,1,19,0,0
1,1,1551398400000000000,2816000.0,1414435.0,31533719.0,10168757.0,0.0,0.0,2000000.0,640092.0,False,False,True,False,False,False,False,False,False,False,False,False,False,False,True,False,1,19,0,0
0,1,1551398400000000000,2816000.0,1414435.0,31533719.0,10168757.0,0.0,0.0,2000000.0,640092.0,False,False,True,False,False,False,False,False,False,False,False,False,False,False,False,True,1,19,0,0
1,1,1554076800000000000,5473738.0,2374931.0,36167014.0,11716948.0,12002927.0,1840416.0,0.0,0.0,False,False,False,True,False,False,False,False,False,False,False,False,True,False,False,False,1,19,0,0
1,1,1554076800000000000,5473738.0,2374931.0,36167014.0,11716948.0,12002927.0,1840416.0,0.0,0.0,False,False,False,True,False,False,False,False,False,False,False,False,False,True,False,False,1,19,0,0
1,1,1554076800000000000,5473738.0,2374931.0,36167014.0,11716948.0,12002927.0,1840416.0,0.0,0.0,False,False,False,True,False,False,False,False,False,False,False,False,False,False,True,False,1,19,0,0
0,1,1554076800000000000,5473738.0,2374931.0,36167014.0,11716948.0,12002927.0,1840416.0,0.0,0.0,False,False,False,True,False,False,False,False,False,False,False,False,False,False,False,True,1,19,0,0
1,1,1556668800000000000,9100000.0,3806632.0,22930000.0,7797419.0,8960581.0,1205547.0,0.0,0.0,False,False,False,False,True,False,False,False,False,False,False,False,True,False,False,False,1,19,0,0
1,1,1556668800000000000,9100000.0,3806632.0,22930000.0,7797419.0,8960581.0,1205547.0,0.0,0.0,False,False,False,False,True,False,False,False,False,False,False,False,False,True,False,False,1,19,0,0
1,1,1556668800000000000,9100000.0,3806632.0,22930000.0,7797419.0,8960581.0,1205547.0,0.0,0.0,False,False,False,False,True,False,False,False,False,False,False,False,False,False,True,False,1,19,0,0
1,1,1556668800000000000,9100000.0,3806632.0,22930000.0,7797419.0,8960581.0,1205547.0,0.0,0.0,False,False,False,False,True,False,False,False,False,False,False,False,False,False,False,True,1,19,0,0
1,1,1559347200000000000,6850000.0,3035454.0,32645088.0,10843432.0,9368820.0,1275687.0,3000000.0,851410.0,False,False,False,False,False,True,False,False,False,False,False,False,True,False,False,False,1,19,0,0
1,1,1559347200000000000,6850000.0,3035454.0,32645088.0,10843432.0,9368820.0,1275687.0,3000000.0,851410.0,False,False,False,False,False,True,False,False,False,False,False,False,False,True,False,False,1,19,0,0
1,1,1559347200000000000,6850000.0,3035454.0,32645088.0,10843432.0,9368820.0,1275687.0,3000000.0,851410.0,False,False,False,False,False,True,False,False,False,False,False,False,False,False,True,False,1,19,0,0
1,1,1559347200000000000,6850000.0,3035454.0,32645088.0,10843432.0,9368820.0,1275687.0,3000000.0,851410.0,False,False,False,False,False,True,False,False,False,False,False,False,False,False,False,True,1,19,0,0
1,1,1561939200000000000,32222298.0,12927687.0,13650000.0,4698910.0,7450000.0,1036894.0,7000000.0,1787005.0,False,False,False,False,False,False,True,False,False,False,False,False,True,False,False,False,1,19,0,0
1,1,1561939200000000000,32222298.0,12927687.0,13650000.0,4698910.0,7450000.0,1036894.0,7000000.0,1787005.0,False,False,False,False,False,False,True,False,False,False,False,False,False,True,False,False,1,19,0,0
1,1,1561939200000000000,32222298.0,12927687.0,13650000.0,4698910.0,7450000.0,1036894.0,7000000.0,1787005.0,False,False,False,False,False,False,True,False,False,False,False,False,False,False,True,False,1,19,0,0
1,1,1561939200000000000,32222298.0,12927687.0,13650000.0,4698910.0,7450000.0,1036894.0,7000000.0,1787005.0,False,False,False,False,False,False,True,False,False,False,False,False,False,False,False,True,1,19,0,0
1,1,1564617600000000000,39302000.0,14975770.0,34355000.0,11451143.0,8450000.0,1376108.0,9045000.0,2306251.0,False,False,False,False,False,False,False,True,False,False,False,False,True,False,False,False,1,19,0,0
1,1,1564617600000000000,39302000.0,14975770.0,34355000.0,11451143.0,8450000.0,1376108.0,9045000.0,2306251.0,False,False,False,False,False,False,False,True,False,False,False,False,False,True,False,False,1,19,0,0
1,1,1564617600000000000,39302000.0,14975770.0,34355000.0,11451143.0,8450000.0,1376108.0,9045000.0,2306251.0,False,False,False,False,False,False,False,True,False,False,False,False,False,False,True,False,1,19,0,0
1,1,1564617600000000000,39302000.0,14975770.0,34355000.0,11451143.0,8450000.0,1376108.0,9045000.0,2306251.0,False,False,False,False,False,False,False,True,False,False,False,False,False,False,False,True,1,19,0,0
1,1,1567296000000000000,8980733.0,3743743.0,53027320.0,17372308.0,22800375.0,3038472.0,15599947.0,4184297.0,False,False,False,False,False,False,False,False,True,False,False,False,True,False,False,False,1,19,0,0
1,1,1567296000000000000,8980733.0,3743743.0,53027320.0,17372308.0,22800375.0,3038472.0,15599947.0,4184297.0,False,False,False,False,False,False,False,False,True,False,False,False,False,True,False,False,1,19,0,0
0,1,1567296000000000000,8980733.0,3743743.0,53027320.0,17372308.0,22800375.0,3038472.0,15599947.0,4184297.0,False,False,False,False,False,False,False,False,True,False,False,False,False,False,True,False,1,19,0,0
1,1,1567296000000000000,8980733.0,3743743.0,53027320.0,17372308.0,22800375.0,3038472.0,15599947.0,4184297.0,False,False,False,False,False,False,False,False,True,False,False,False,False,False,False,True,1,19,0,0
1,1,1569888000000000000,25173500.0,9194369.0,27600000.0,9221520.0,0.0,0.0,11875000.0,3433253.0,False,False,False,False,False,False,False,False,False,True,False,False,True,False,False,False,1,19,0,0
1,1,1569888000000000000,25173500.0,9194369.0,27600000.0,9221520.0,0.0,0.0,11875000.0,3433253.0,False,False,False,False,False,False,False,False,False,True,False,False,False,True,False,False,1,19,0,0
1,1,1569888000000000000,25173500.0,9194369.0,27600000.0,9221520.0,0.0,0.0,11875000.0,3433253.0,False,False,False,False,False,False,False,False,False,True,False,False,False,False,True,False,1,19,0,0
1,1,1569888000000000000,25173500.0,9194369.0,27600000.0,9221520.0,0.0,0.0,11875000.0,3433253.0,False,False,False,False,False,False,False,False,False,True,False,False,False,False,False,True,1,19,0,0
1,1,1572566400000000000,5788000.0,2258764.0,39315350.0,12992675.0,7450000.0,1126463.0,23767000.0,6551540.0,False,False,False,False,False,False,False,False,False,False,True,False,True,False,False,False,1,19,0,0
1,1,1572566400000000000,5788000.0,2258764.0,39315350.0,12992675.0,7450000.0,1126463.0,23767000.0,6551540.0,False,False,False,False,False,False,False,False,False,False,True,False,False,True,False,False,1,19,0,0
1,1,1572566400000000000,5788000.0,2258764.0,39315350.0,12992675.0,7450000.0,1126463.0,23767000.0,6551540.0,False,False,False,False,False,False,False,False,False,False,True,False,False,False,True,False,1,19,0,0
1,1,1572566400000000000,5788000.0,2258764.0,39315350.0,12992675.0,7450000.0,1126463.0,23767000.0,6551540.0,False,False,False,False,False,False,False,False,False,False,True,False,False,False,False,True,1,19,0,0
1,1,1575158400000000000,41466393.0,14714972.0,102762671.0,32962551.0,27216752.0,4563831.0,30233000.0,8154149.0,False,False,False,False,False,False,False,False,False,False,False,True,True,False,False,False,1,19,0,0
1,1,1575158400000000000,41466393.0,14714972.0,102762671.0,32962551.0,27216752.0,4563831.0,30233000.0,8154149.0,False,False,False,False,False,False,False,False,False,False,False,True,False,True,False,False,1,19,0,0
1,1,1575158400000000000,41466393.0,14714972.0,102762671.0,32962551.0,27216752.0,4563831.0,30233000.0,8154149.0,False,False,False,False,False,False,False,False,False,False,False,True,False,False,True,False,1,19,0,0
1,1,1575158400000000000,41466393.0,14714972.0,102762671.0,32962551.0,27216752.0,4563831.0,30233000.0,8154149.0,False,False,False,False,False,False,False,False,False,False,False,True,False,False,False,True,1,19,0,0
1,1,1577836800000000000,5500000.0,1736720.0,42666000.0,13676438.0,2650000.0,326069.0,42160700.0,11241280.0,True,False,False,False,False,False,False,False,False,False,False,False,True,False,False,False,1,19,0,0
1,1,1577836800000000000,5500000.0,1736720.0,42666000.0,13676438.0,2650000.0,326069.0,42160700.0,11241280.0,True,False,False,False,False,False,False,False,False,False,False,False,False,True,False,False,1,19,0,0
1,1,1577836800000000000,5500000.0,1736720.0,42666000.0,13676438.0,2650000.0,326069.0,42160700.0,11241280.0,True,False,False,False,False,False,False,False,False,False,False,False,False,False,True,False,1,19,0,0
1,1,1577836800000000000,5500000.0,1736720.0,42666000.0,13676438.0,2650000.0,326069.0,42160700.0,11241280.0,True,False,False,False,False,False,False,False,False,False,False,False,False,False,False,True,1,19,0,0
1,1,1580515200000000000,30491786.0,9376281.0,14020000.0,4245109.0,13800000.0,1912040.0,31696000.0,8237032.0,False,True,False,False,False,False,False,False,False,False,False,False,True,False,False,False,1,19,0,0
1,1,1580515200000000000,30491786.0,9376281.0,14020000.0,4245109.0,13800000.0,1912040.0,31696000.0,8237032.0,False,True,False,False,False,False,False,False,False,False,False,False,False,True,False,False,1,19,0,0
1,1,1580515200000000000,30491786.0,9376281.0,14020000.0,4245109.0,13800000.0,1912040.0,31696000.0,8237032.0,False,True,False,False,False,False,False,False,False,False,False,False,False,False,True,False,1,19,0,0
1,1,1580515200000000000,30491786.0,9376281.0,14020000.0,4245109.0,13800000.0,1912040.0,31696000.0,8237032.0,False,True,False,False,False,False,False,False,False,False,False,False,False,False,False,True,1,19,0,0
1,1,1583020800000000000,2148800.0,958607.0,24200000.0,6587735.0,8200380.0,991905.0,18981700.0,4524807.0,False,False,True,False,False,False,False,False,False,False,False,False,True,False,False,False,1,19,0,0
1,1,1583020800000000000,2148800.0,958607.0,24200000.0,6587735.0,8200380.0,991905.0,18981700.0,4524807.0,False,False,True,False,False,False,False,False,False,False,False,False,False,True,False,False,1,19,0,0
1,1,1583020800000000000,2148800.0,958607.0,24200000.0,6587735.0,8200380.0,991905.0,18981700.0,4524807.0,False,False,True,False,False,False,False,False,False,False,False,False,False,False,True,False,1,19,0,0
1,1,1583020800000000000,2148800.0,958607.0,24200000.0,6587735.0,8200380.0,991905.0,18981700.0,4524807.0,False,False,True,False,False,False,False,False,False,False,False,False,False,False,False,True,1,19,0,0
1,1,1585699200000000000,7548800.0,2783249.0,4700000.0,1198641.0,4000000.0,377138.0,1039400.0,326816.0,False,False,False,True,False,False,False,False,False,False,False,False,True,False,False,False,1,19,0,0
1,1,1585699200000000000,7548800.0,2783249.0,4700000.0,1198641.0,4000000.0,377138.0,1039400.0,326816.0,False,False,False,True,False,False,False,False,False,False,False,False,False,True,False,False,1,19,0,0
1,1,1585699200000000000,7548800.0,2783249.0,4700000.0,1198641.0,4000000.0,377138.0,1039400.0,326816.0,False,False,False,True,False,False,False,False,False,False,False,False,False,False,True,False,1,19,0,0
1,1,1585699200000000000,7548800.0,2783249.0,4700000.0,1198641.0,4000000.0,377138.0,1039400.0,326816.0,False,False,False,True,False,False,False,False,False,False,False,False,False,False,False,True,1,19,0,0
1,1,1588291200000000000,4942900.0,1591695.0,3000000.0,808261.0,6400000.0,865332.0,4750614.0,1109979.0,False,False,False,False,True,False,False,False,False,False,False,False,True,False,False,False,1,19,0,0
1,1,1588291200000000000,4942900.0,1591695.0,3000000.0,808261.0,6400000.0,865332.0,4750614.0,1109979.0,False,False,False,False,True,False,False,False,False,False,False,False,False,True,False,False,1,19,0,0
0,1,1588291200000000000,4942900.0,1591695.0,3000000.0,808261.0,6400000.0,865332.0,4750614.0,1109979.0,False,False,False,False,True,False,False,False,False,False,False,False,False,False,True,False,1,19,0,0
1,1,1588291200000000000,4942900.0,1591695.0,3000000.0,808261.0,6400000.0,865332.0,4750614.0,1109979.0,False,False,False,False,True,False,False,False,False,False,False,False,False,False,False,True,1,19,0,0
1,1,1590969600000000000,30273100.0,9671722.0,7605000.0,1705024.0,0.0,0.0,14571400.0,3466144.0,False,False,False,False,False,True,False,False,False,False,False,False,True,False,False,False,1,19,0,0
1,1,1590969600000000000,30273100.0,9671722.0,7605000.0,1705024.0,0.0,0.0,14571400.0,3466144.0,False,False,False,False,False,True,False,False,False,False,False,False,False,True,False,False,1,19,0,0
1,1,1590969600000000000,30273100.0,9671722.0,7605000.0,1705024.0,0.0,0.0,14571400.0,3466144.0,False,False,False,False,False,True,False,False,False,False,False,False,False,False,True,False,1,19,0,0
1,1,1590969600000000000,30273100.0,9671722.0,7605000.0,1705024.0,0.0,0.0,14571400.0,3466144.0,False,False,False,False,False,True,False,False,False,False,False,False,False,False,False,True,1,19,0,0
1,1,1593561600000000000,45374708.0,14621204.0,59787000.0,13176198.0,11725000.0,1456916.0,21006800.0,5026438.0,False,False,False,False,False,False,True,False,False,False,False,False,True,False,False,False,1,19,0,0
1,1,1593561600000000000,45374708.0,14621204.0,59787000.0,13176198.0,11725000.0,1456916.0,21006800.0,5026438.0,False,False,False,False,False,False,True,False,False,False,False,False,False,True,False,False,1,19,0,0
1,1,1593561600000000000,45374708.0,14621204.0,59787000.0,13176198.0,11725000.0,1456916.0,21006800.0,5026438.0,False,False,False,False,False,False,True,False,False,False,False,False,False,False,True,False,1,19,0,0
1,1,1593561600000000000,45374708.0,14621204.0,59787000.0,13176198.0,11725000.0,1456916.0,21006800.0,5026438.0,False,False,False,False,False,False,True,False,False,False,False,False,False,False,False,True,1,19,0,0
1,1,1596240000000000000,10544000.0,3611768.0,31280000.0,7023736.0,8075470.0,1001638.0,9461570.0,2336622.0,False,False,False,False,False,False,False,True,False,False,False,False,True,False,False,False,1,19,0,0
1,1,1596240000000000000,10544000.0,3611768.0,31280000.0,7023736.0,8075470.0,1001638.0,9461570.0,2336622.0,False,False,False,False,False,False,False,True,False,False,False,False,False,True,False,False,1,19,0,0
1,1,1596240000000000000,10544000.0,3611768.0,31280000.0,7023736.0,8075470.0,1001638.0,9461570.0,2336622.0,False,False,False,False,False,False,False,True,False,False,False,False,False,False,True,False,1,19,0,0
1,1,1596240000000000000,10544000.0,3611768.0,31280000.0,7023736.0,8075470.0,1001638.0,9461570.0,2336622.0,False,False,False,False,False,False,False,True,False,False,False,False,False,False,False,True,1,19,0,0
1,1,1598918400000000000,10404010.0,3631207.0,21776190.0,4631611.0,8112844.0,870618.0,29400000.0,7114576.0,False,False,False,False,False,False,False,False,True,False,False,False,True,False,False,False,1,19,0,0
1,1,1598918400000000000,10404010.0,3631207.0,21776190.0,4631611.0,8112844.0,870618.0,29400000.0,7114576.0,False,False,False,False,False,False,False,False,True,False,False,False,False,True,False,False,1,19,0,0
1,1,1598918400000000000,10404010.0,3631207.0,21776190.0,4631611.0,8112844.0,870618.0,29400000.0,7114576.0,False,False,False,False,False,False,False,False,True,False,False,False,False,False,True,False,1,19,0,0
1,1,1598918400000000000,10404010.0,3631207.0,21776190.0,4631611.0,8112844.0,870618.0,29400000.0,7114576.0,False,False,False,False,False,False,False,False,True,False,False,False,False,False,False,True,1,19,0,0
1,1,1601510400000000000,16840385.0,5744321.0,52045140.0,10851818.0,7903660.0,795387.0,19876817.0,4683360.0,False,False,False,False,False,False,False,False,False,True,False,False,True,False,False,False,1,19,0,0
1,1,1601510400000000000,16840385.0,5744321.0,52045140.0,10851818.0,7903660.0,795387.0,19876817.0,4683360.0,False,False,False,False,False,False,False,False,False,True,False,False,False,True,False,False,1,19,0,0
1,1,1601510400000000000,16840385.0,5744321.0,52045140.0,10851818.0,7903660.0,795387.0,19876817.0,4683360.0,False,False,False,False,False,False,False,False,False,True,False,False,False,False,True,False,1,19,0,0
1,1,1601510400000000000,16840385.0,5744321.0,52045140.0,10851818.0,7903660.0,795387.0,19876817.0,4683360.0,False,False,False,False,False,False,False,False,False,True,False,False,False,False,False,True,1,19,0,0
1,1,1604188800000000000,2575200.0,1214049.0,21793000.0,4591183.0,21472010.0,2543973.0,22850165.0,5753415.0,False,False,False,False,False,False,False,False,False,False,True,False,True,False,False,False,1,19,0,0
1,1,1604188800000000000,2575200.0,1214049.0,21793000.0,4591183.0,21472010.0,2543973.0,22850165.0,5753415.0,False,False,False,False,False,False,False,False,False,False,True,False,False,True,False,False,1,19,0,0
1,1,1604188800000000000,2575200.0,1214049.0,21793000.0,4591183.0,21472010.0,2543973.0,22850165.0,5753415.0,False,False,False,False,False,False,False,False,False,False,True,False,False,False,True,False,1,19,0,0
1,1,1604188800000000000,2575200.0,1214049.0,21793000.0,4591183.0,21472010.0,2543973.0,22850165.0,5753415.0,False,False,False,False,False,False,False,False,False,False,True,False,False,False,False,True,1,19,0,0
1,1,1606780800000000000,26296040.0,8406220.0,104027960.0,23236886.0,16642390.0,2129086.0,64404000.0,15234123.0,False,False,False,False,False,False,False,False,False,False,False,True,True,False,False,False,1,19,0,0
1,1,1606780800000000000,26296040.0,8406220.0,104027960.0,23236886.0,16642390.0,2129086.0,64404000.0,15234123.0,False,False,False,False,False,False,False,False,False,False,False,True,False,True,False,False,1,19,0,0
1,1,1606780800000000000,26296040.0,8406220.0,104027960.0,23236886.0,16642390.0,2129086.0,64404000.0,15234123.0,False,False,False,False,False,False,False,False,False,False,False,True,False,False,True,False,1,19,0,0
1,1,1606780800000000000,26296040.0,8406220.0,104027960.0,23236886.0,16642390.0,2129086.0,64404000.0,15234123.0,False,False,False,False,False,False,False,False,False,False,False,True,False,False,False,True,1,19,0,0
1,1,1609459200000000000,25162960.0,8558651.0,15000000.0,3330208.0,12600000.0,1499813.0,13047030.0,3056843.0,True,False,False,False,False,False,False,False,False,False,False,False,True,False,False,False,1,19,0,0
1,1,1609459200000000000,25162960.0,8558651.0,15000000.0,3330208.0,12600000.0,1499813.0,13047030.0,3056843.0,True,False,False,False,False,False,False,False,False,False,False,False,False,True,False,False,1,19,0,0
1,1,1609459200000000000,25162960.0,8558651.0,15000000.0,3330208.0,12600000.0,1499813.0,13047030.0,3056843.0,True,False,False,False,False,False,False,False,False,False,False,False,False,False,True,False,1,19,0,0
1,1,1609459200000000000,25162960.0,8558651.0,15000000.0,3330208.0,12600000.0,1499813.0,13047030.0,3056843.0,True,False,False,False,False,False,False,False,False,False,False,False,False,False,False,True,1,19,0,0
1,1,1612137600000000000,22662120.0,7759090.0,25744000.0,5892656.0,32282007.0,3953036.0,26627540.0,6893440.0,False,True,False,False,False,False,False,False,False,False,False,False,True,False,False,False,1,19,0,0
1,1,1612137600000000000,22662120.0,7759090.0,25744000.0,5892656.0,32282007.0,3953036.0,26627540.0,6893440.0,False,True,False,False,False,False,False,False,False,False,False,False,False,True,False,False,1,19,0,0
0,1,1612137600000000000,22662120.0,7759090.0,25744000.0,5892656.0,32282007.0,3953036.0,26627540.0,6893440.0,False,True,False,False,False,False,False,False,False,False,False,False,False,False,True,False,1,19,0,0
1,1,1612137600000000000,22662120.0,7759090.0,25744000.0,5892656.0,32282007.0,3953036.0,26627540.0,6893440.0,False,True,False,False,False,False,False,False,False,False,False,False,False,False,False,True,1,19,0,0
1,1,1614556800000000000,10765000.0,4118605.0,30459080.0,6986763.0,0.0,0.0,6215310.0,1675210.0,False,False,True,False,False,False,False,False,False,False,False,False,True,False,False,False,1,19,0,0
1,1,1614556800000000000,10765000.0,4118605.0,30459080.0,6986763.0,0.0,0.0,6215310.0,1675210.0,False,False,True,False,False,False,False,False,False,False,False,False,False,True,False,False,1,19,0,0
1,1,1614556800000000000,10765000.0,4118605.0,30459080.0,6986763.0,0.0,0.0,6215310.0,1675210.0,False,False,True,False,False,False,False,False,False,False,False,False,False,False,True,False,1,19,0,0
1,1,1614556800000000000,10765000.0,4118605.0,30459080.0,6986763.0,0.0,0.0,6215310.0,1675210.0,False,False,True,False,False,False,False,False,False,False,False,False,False,False,False,True,1,19,0,0
1,1,1617235200000000000,34419670.0,11244408.0,62534550.0,13330763.0,27003316.0,3233481.0,41754050.0,10746333.0,False,False,False,True,False,False,False,False,False,False,False,False,True,False,False,False,1,19,0,0
1,1,1617235200000000000,34419670.0,11244408.0,62534550.0,13330763.0,27003316.0,3233481.0,41754050.0,10746333.0,False,False,False,True,False,False,False,False,False,False,False,False,False,True,False,False,1,19,0,0
1,1,1617235200000000000,34419670.0,11244408.0,62534550.0,13330763.0,27003316.0,3233481.0,41754050.0,10746333.0,False,False,False,True,False,False,False,False,False,False,False,False,False,False,True,False,1,19,0,0
1,1,1617235200000000000,34419670.0,11244408.0,62534550.0,13330763.0,27003316.0,3233481.0,41754050.0,10746333.0,False,False,False,True,False,False,False,False,False,False,False,False,False,False,False,True,1,19,0,0
1,1,1619827200000000000,18480294.0,7085495.0,14326080.0,3289781.0,17962837.0,2231570.0,23962081.0,6436302.0,False,False,False,False,True,False,False,False,False,False,False,False,True,False,False,False,1,19,0,0
1,1,1619827200000000000,18480294.0,7085495.0,14326080.0,3289781.0,17962837.0,2231570.0,23962081.0,6436302.0,False,False,False,False,True,False,False,False,False,False,False,False,False,True,False,False,1,19,0,0
1,1,1619827200000000000,18480294.0,7085495.0,14326080.0,3289781.0,17962837.0,2231570.0,23962081.0,6436302.0,False,False,False,False,True,False,False,False,False,False,False,False,False,False,True,False,1,19,0,0
1,1,1619827200000000000,18480294.0,7085495.0,14326080.0,3289781.0,17962837.0,2231570.0,23962081.0,6436302.0,False,False,False,False,True,False,False,False,False,False,False,False,False,False,False,True,1,19,0,0
1,1,1622505600000000000,11997530.0,5296966.0,17530560.0,3624491.0,8408482.0,886112.0,30450702.0,10228075.0,False,False,False,False,False,True,False,False,False,False,False,False,True,False,False,False,1,19,0,0
1,1,1622505600000000000,11997530.0,5296966.0,17530560.0,3624491.0,8408482.0,886112.0,30450702.0,10228075.0,False,False,False,False,False,True,False,False,False,False,False,False,False,True,False,False,1,19,0,0
1,1,1622505600000000000,11997530.0,5296966.0,17530560.0,3624491.0,8408482.0,886112.0,30450702.0,10228075.0,False,False,False,False,False,True,False,False,False,False,False,False,False,False,True,False,1,19,0,0
1,1,1622505600000000000,11997530.0,5296966.0,17530560.0,3624491.0,8408482.0,886112.0,30450702.0,10228075.0,False,False,False,False,False,True,False,False,False,False,False,False,False,False,False,True,1,19,0,0
1,1,1625097600000000000,11733980.0,6029480.0,18017230.0,3838133.0,2864410.0,378985.0,18678120.0,6906979.0,False,False,False,False,False,False,True,False,False,False,False,False,True,False,False,False,1,19,0,0
1,1,1625097600000000000,11733980.0,6029480.0,18017230.0,3838133.0,2864410.0,378985.0,18678120.0,6906979.0,False,False,False,False,False,False,True,False,False,False,False,False,False,True,False,False,1,19,0,0
1,1,1625097600000000000,11733980.0,6029480.0,18017230.0,3838133.0,2864410.0,378985.0,18678120.0,6906979.0,False,False,False,False,False,False,True,False,False,False,False,False,False,False,True,False,1,19,0,0
1,1,1625097600000000000,11733980.0,6029480.0,18017230.0,3838133.0,2864410.0,378985.0,18678120.0,6906979.0,False,False,False,False,False,False,True,False,False,False,False,False,False,False,False,True,1,19,0,0
1,1,1627776000000000000,21281650.0,11588626.0,30727000.0,7769528.0,10915031.0,1569083.0,11937000.0,4445286.0,False,False,False,False,False,False,False,True,False,False,False,False,True,False,False,False,1,19,0,0
1,1,1627776000000000000,21281650.0,11588626.0,30727000.0,7769528.0,10915031.0,1569083.0,11937000.0,4445286.0,False,False,False,False,False,False,False,True,False,False,False,False,False,True,False,False,1,19,0,0
1,1,1627776000000000000,21281650.0,11588626.0,30727000.0,7769528.0,10915031.0,1569083.0,11937000.0,4445286.0,False,False,False,False,False,False,False,True,False,False,False,False,False,False,True,False,1,19,0,0
1,1,1627776000000000000,21281650.0,11588626.0,30727000.0,7769528.0,10915031.0,1569083.0,11937000.0,4445286.0,False,False,False,False,False,False,False,True,False,False,False,False,False,False,False,True,1,19,0,0
1,1,1630454400000000000,29352510.0,18175389.0,37245000.0,10534905.0,7900263.0,1348486.0,11865000.0,4615708.0,False,False,False,False,False,False,False,False,True,False,False,False,True,False,False,False,1,19,0,0
1,1,1630454400000000000,29352510.0,18175389.0,37245000.0,10534905.0,7900263.0,1348486.0,11865000.0,4615708.0,False,False,False,False,False,False,False,False,True,False,False,False,False,True,False,False,1,19,0,0
1,1,1630454400000000000,29352510.0,18175389.0,37245000.0,10534905.0,7900263.0,1348486.0,11865000.0,4615708.0,False,False,False,False,False,False,False,False,True,False,False,False,False,False,True,False,1,19,0,0
1,1,1630454400000000000,29352510.0,18175389.0,37245000.0,10534905.0,7900263.0,1348486.0,11865000.0,4615708.0,False,False,False,False,False,False,False,False,True,False,False,False,False,False,False,True,1,19,0,0
1,1,1633046400000000000,16144000.0,10069268.0,44823530.0,15734098.0,13441785.0,2222777.0,8604800.0,3303504.0,False,False,False,False,False,False,False,False,False,True,False,False,True,False,False,False,1,19,0,0
1,1,1633046400000000000,16144000.0,10069268.0,44823530.0,15734098.0,13441785.0,2222777.0,8604800.0,3303504.0,False,False,False,False,False,False,False,False,False,True,False,False,False,True,False,False,1,19,0,0
1,1,1633046400000000000,16144000.0,10069268.0,44823530.0,15734098.0,13441785.0,2222777.0,8604800.0,3303504.0,False,False,False,False,False,False,False,False,False,True,False,False,False,False,True,False,1,19,0,0
1,1,1633046400000000000,16144000.0,10069268.0,44823530.0,15734098.0,13441785.0,2222777.0,8604800.0,3303504.0,False,False,False,False,False,False,False,False,False,True,False,False,False,False,False,True,1,19,0,0
1,1,1635724800000000000,20644261.0,9487690.0,30380690.0,8655337.0,6250000.0,1003232.0,17851248.0,7432302.0,False,False,False,False,False,False,False,False,False,False,True,False,True,False,False,False,1,19,0,0
1,1,1635724800000000000,20644261.0,9487690.0,30380690.0,8655337.0,6250000.0,1003232.0,17851248.0,7432302.0,False,False,False,False,False,False,False,False,False,False,True,False,False,True,False,False,1,19,0,0
0,1,1635724800000000000,20644261.0,9487690.0,30380690.0,8655337.0,6250000.0,1003232.0,17851248.0,7432302.0,False,False,False,False,False,False,False,False,False,False,True,False,False,False,True,False,1,19,0,0
0,1,1635724800000000000,20644261.0,9487690.0,30380690.0,8655337.0,6250000.0,1003232.0,17851248.0,7432302.0,False,False,False,False,False,False,False,False,False,False,True,False,False,False,False,True,1,19,0,0
1,1,1638316800000000000,26993017.0,15982917.0,96803720.0,30485922.0,0.0,0.0,0.0,0.0,False,False,False,False,False,False,False,False,False,False,False,True,True,False,False,False,1,19,0,0
1,1,1638316800000000000,26993017.0,15982917.0,96803720.0,30485922.0,0.0,0.0,0.0,0.0,False,False,False,False,False,False,False,False,False,False,False,True,False,True,False,False,1,19,0,0
1,1,1638316800000000000,26993017.0,15982917.0,96803720.0,30485922.0,0.0,0.0,0.0,0.0,False,False,False,False,False,False,False,False,False,False,False,True,False,False,True,False,1,19,0,0
1,1,1638316800000000000,26993017.0,15982917.0,96803720.0,30485922.0,0.0,0.0,0.0,0.0,False,False,False,False,False,False,False,False,False,False,False,True,False,False,False,True,1,19,0,0
1,1,1640995200000000000,28213920.0,18235016.0,51541887.0,24246865.0,18000000.0,2959316.0,6335000.0,2747685.0,True,False,False,False,False,False,False,False,False,False,False,False,True,False,False,False,1,19,0,0
1,1,1640995200000000000,28213920.0,18235016.0,51541887.0,24246865.0,18000000.0,2959316.0,6335000.0,2747685.0,True,False,False,False,False,False,False,False,False,False,False,False,False,True,False,False,1,19,0,0
1,1,1640995200000000000,28213920.0,18235016.0,51541887.0,24246865.0,18000000.0,2959316.0,6335000.0,2747685.0,True,False,False,False,False,False,False,False,False,False,False,False,False,False,True,False,1,19,0,0
1,1,1640995200000000000,28213920.0,18235016.0,51541887.0,24246865.0,18000000.0,2959316.0,6335000.0,2747685.0,True,False,False,False,False,False,False,False,False,False,False,False,False,False,False,True,1,19,0,0
1,1,1643673600000000000,7602610.0,5687990.0,74257790.0,40923980.0,15900000.0,2452261.0,19004843.0,8382057.0,False,True,False,False,False,False,False,False,False,False,False,False,True,False,False,False,1,19,0,0
1,1,1643673600000000000,7602610.0,5687990.0,74257790.0,40923980.0,15900000.0,2452261.0,19004843.0,8382057.0,False,True,False,False,False,False,False,False,False,False,False,False,False,True,False,False,1,19,0,0
1,1,1643673600000000000,7602610.0,5687990.0,74257790.0,40923980.0,15900000.0,2452261.0,19004843.0,8382057.0,False,True,False,False,False,False,False,False,False,False,False,False,False,False,True,False,1,19,0,0
0,1,1643673600000000000,7602610.0,5687990.0,74257790.0,40923980.0,15900000.0,2452261.0,19004843.0,8382057.0,False,True,False,False,False,False,False,False,False,False,False,False,False,False,False,True,1,19,0,0
1,1,1646092800000000000,3296000.0,2444004.0,28116669.0,14150281.0,3598229.0,797927.0,0.0,0.0,False,False,True,False,False,False,False,False,False,False,False,False,True,False,False,False,1,19,0,0
1,1,1646092800000000000,3296000.0,2444004.0,28116669.0,14150281.0,3598229.0,797927.0,0.0,0.0,False,False,True,False,False,False,False,False,False,False,False,False,False,True,False,False,1,19,0,0
1,1,1646092800000000000,3296000.0,2444004.0,28116669.0,14150281.0,3598229.0,797927.0,0.0,0.0,False,False,True,False,False,False,False,False,False,False,False,False,False,False,True,False,1,19,0,0
1,1,1646092800000000000,3296000.0,2444004.0,28116669.0,14150281.0,3598229.0,797927.0,0.0,0.0,False,False,True,False,False,False,False,False,False,False,False,False,False,False,False,True,1,19,0,0
1,1,1648771200000000000,24498000.0,19163976.0,60942901.0,27249965.0,21071000.0,4402705.0,16501390.0,7972941.0,False,False,False,True,False,False,False,False,False,False,False,False,True,False,False,False,1,19,0,0
1,1,1648771200000000000,24498000.0,19163976.0,60942901.0,27249965.0,21071000.0,4402705.0,16501390.0,7972941.0,False,False,False,True,False,False,False,False,False,False,False,False,False,True,False,False,1,19,0,0
1,1,1648771200000000000,24498000.0,19163976.0,60942901.0,27249965.0,21071000.0,4402705.0,16501390.0,7972941.0,False,False,False,True,False,False,False,False,False,False,False,False,False,False,True,False,1,19,0,0
1,1,1648771200000000000,24498000.0,19163976.0,60942901.0,27249965.0,21071000.0,4402705.0,16501390.0,7972941.0,False,False,False,True,False,False,False,False,False,False,False,False,False,False,False,True,1,19,0,0
1,1,1651363200000000000,28783450.0,25077996.0,53101926.0,31821489.0,4000000.0,1480686.0,9185814.0,6879213.0,False,False,False,False,True,False,False,False,False,False,False,False,True,False,False,False,1,19,0,0
1,1,1651363200000000000,28783450.0,25077996.0,53101926.0,31821489.0,4000000.0,1480686.0,9185814.0,6879213.0,False,False,False,False,True,False,False,False,False,False,False,False,False,True,False,False,1,19,0,0
1,1,1651363200000000000,28783450.0,25077996.0,53101926.0,31821489.0,4000000.0,1480686.0,9185814.0,6879213.0,False,False,False,False,True,False,False,False,False,False,False,False,False,False,True,False,1,19,0,0
1,1,1651363200000000000,28783450.0,25077996.0,53101926.0,31821489.0,4000000.0,1480686.0,9185814.0,6879213.0,False,False,False,False,True,False,False,False,False,False,False,False,False,False,False,True,1,19,0,0
1,1,1654041600000000000,47939520.0,37845826.0,88811376.0,56146087.0,26725120.0,7295928.0,46801060.0,26198982.0,False,False,False,False,False,True,False,False,False,False,False,False,True,False,False,False,1,19,0,0
1,1,1654041600000000000,47939520.0,37845826.0,88811376.0,56146087.0,26725120.0,7295928.0,46801060.0,26198982.0,False,False,False,False,False,True,False,False,False,False,False,False,False,True,False,False,1,19,0,0
1,1,1654041600000000000,47939520.0,37845826.0,88811376.0,56146087.0,26725120.0,7295928.0,46801060.0,26198982.0,False,False,False,False,False,True,False,False,False,False,False,False,False,False,True,False,1,19,0,0
1,1,1654041600000000000,47939520.0,37845826.0,88811376.0,56146087.0,26725120.0,7295928.0,46801060.0,26198982.0,False,False,False,False,False,True,False,False,False,False,False,False,False,False,False,True,1,19,0,0
1,1,1656633600000000000,40190973.0,42107864.0,80033240.0,40145195.0,35026280.0,11953643.0,8200000.0,4630790.0,False,False,False,False,False,False,True,False,False,False,False,False,True,False,False,False,1,19,0,0
1,1,1656633600000000000,40190973.0,42107864.0,80033240.0,40145195.0,35026280.0,11953643.0,8200000.0,4630790.0,False,False,False,False,False,False,True,False,False,False,False,False,False,True,False,False,1,19,0,0
1,1,1656633600000000000,40190973.0,42107864.0,80033240.0,40145195.0,35026280.0,11953643.0,8200000.0,4630790.0,False,False,False,False,False,False,True,False,False,False,False,False,False,False,True,False,1,19,0,0
1,1,1656633600000000000,40190973.0,42107864.0,80033240.0,40145195.0,35026280.0,11953643.0,8200000.0,4630790.0,False,False,False,False,False,False,True,False,False,False,False,False,False,False,False,True,1,19,0,0
1,1,1659312000000000000,7593010.0,7369786.0,84173928.0,59435731.0,36300000.0,12499244.0,25900000.0,14340944.0,False,False,False,False,False,False,False,True,False,False,False,False,True,False,False,False,1,19,0,0
1,1,1659312000000000000,7593010.0,7369786.0,84173928.0,59435731.0,36300000.0,12499244.0,25900000.0,14340944.0,False,False,False,False,False,False,False,True,False,False,False,False,False,True,False,False,1,19,0,0
1,1,1659312000000000000,7593010.0,7369786.0,84173928.0,59435731.0,36300000.0,12499244.0,25900000.0,14340944.0,False,False,False,False,False,False,False,True,False,False,False,False,False,False,True,False,1,19,0,0
1,1,1659312000000000000,7593010.0,7369786.0,84173928.0,59435731.0,36300000.0,12499244.0,25900000.0,14340944.0,False,False,False,False,False,False,False,True,False,False,False,False,False,False,False,True,1,19,0,0
1,1,1661990400000000000,33506000.0,31585671.0,51083060.0,37978376.0,8150000.0,3129405.0,13503460.0,7567778.0,False,False,False,False,False,False,False,False,True,False,False,False,True,False,False,False,1,19,0,0
1,1,1661990400000000000,33506000.0,31585671.0,51083060.0,37978376.0,8150000.0,3129405.0,13503460.0,7567778.0,False,False,False,False,False,False,False,False,True,False,False,False,False,True,False,False,1,19,0,0
1,1,1661990400000000000,33506000.0,31585671.0,51083060.0,37978376.0,8150000.0,3129405.0,13503460.0,7567778.0,False,False,False,False,False,False,False,False,True,False,False,False,False,False,True,False,1,19,0,0
1,1,1661990400000000000,33506000.0,31585671.0,51083060.0,37978376.0,8150000.0,3129405.0,13503460.0,7567778.0,False,False,False,False,False,False,False,False,True,False,False,False,False,False,False,True,1,19,0,0
1,1,1664582400000000000,22148442.0,24312108.0,42864096.0,32555121.0,6295000.0,2192627.0,1700000.0,890800.0,False,False,False,False,False,False,False,False,False,True,False,False,True,False,False,False,1,19,0,0
1,1,1664582400000000000,22148442.0,24312108.0,42864096.0,32555121.0,6295000.0,2192627.0,1700000.0,890800.0,False,False,False,False,False,False,False,False,False,True,False,False,False,True,False,False,1,19,0,0
1,1,1664582400000000000,22148442.0,24312108.0,42864096.0,32555121.0,6295000.0,2192627.0,1700000.0,890800.0,False,False,False,False,False,False,False,False,False,True,False,False,False,False,True,False,1,19,0,0
1,1,1664582400000000000,22148442.0,24312108.0,42864096.0,32555121.0,6295000.0,2192627.0,1700000.0,890800.0,False,False,False,False,False,False,False,False,False,True,False,False,False,False,False,True,1,19,0,0
1,1,1667260800000000000,5812086.0,4650087.0,27228398.0,26509681.0,26300000.0,6787665.0,20400000.0,11219240.0,False,False,False,False,False,False,False,False,False,False,True,False,True,False,False,False,1,19,0,0
1,1,1667260800000000000,5812086.0,4650087.0,27228398.0,26509681.0,26300000.0,6787665.0,20400000.0,11219240.0,False,False,False,False,False,False,False,False,False,False,True,False,False,True,False,False,1,19,0,0
1,1,1667260800000000000,5812086.0,4650087.0,27228398.0,26509681.0,26300000.0,6787665.0,20400000.0,11219240.0,False,False,False,False,False,False,False,False,False,False,True,False,False,False,True,False,1,19,0,0
1,1,1667260800000000000,5812086.0,4650087.0,27228398.0,26509681.0,26300000.0,6787665.0,20400000.0,11219240.0,False,False,False,False,False,False,False,False,False,False,True,False,False,False,False,True,1,19,0,0
1,1,1669852800000000000,13645400.0,11760691.0,43310276.0,27227234.0,10814840.0,2586165.0,30117180.0,14073355.0,False,False,False,False,False,False,False,False,False,False,False,True,True,False,False,False,1,19,0,0
1,1,1669852800000000000,13645400.0,11760691.0,43310276.0,27227234.0,10814840.0,2586165.0,30117180.0,14073355.0,False,False,False,False,False,False,False,False,False,False,False,True,False,True,False,False,1,19,0,0
1,1,1669852800000000000,13645400.0,11760691.0,43310276.0,27227234.0,10814840.0,2586165.0,30117180.0,14073355.0,False,False,False,False,False,False,False,False,False,False,False,True,False,False,True,False,1,19,0,0
1,1,1669852800000000000,13645400.0,11760691.0,43310276.0,27227234.0,10814840.0,2586165.0,30117180.0,14073355.0,False,False,False,False,False,False,False,False,False,False,False,True,False,False,False,True,1,19,0,0
1,1,1672531200000000000,3178400.0,4673879.0,19672792.0,12597957.0,38650000.0,9414475.0,2100000.0,1200767.0,True,False,False,False,False,False,False,False,False,False,False,False,True,False,False,False,1,19,0,0
1,1,1672531200000000000,3178400.0,4673879.0,19672792.0,12597957.0,38650000.0,9414475.0,2100000.0,1200767.0,True,False,False,False,False,False,False,False,False,False,False,False,False,True,False,False,1,19,0,0
1,1,1672531200000000000,3178400.0,4673879.0,19672792.0,12597957.0,38650000.0,9414475.0,2100000.0,1200767.0,True,False,False,False,False,False,False,False,False,False,False,False,False,False,True,False,1,19,0,0
1,1,1672531200000000000,3178400.0,4673879.0,19672792.0,12597957.0,38650000.0,9414475.0,2100000.0,1200767.0,True,False,False,False,False,False,False,False,False,False,False,False,False,False,False,True,1,19,0,0
1,1,1675209600000000000,16334503.0,12966516.0,47831839.0,43540110.0,5650000.0,1490169.0,21715045.0,11875572.0,False,True,False,False,False,False,False,False,False,False,False,False,True,False,False,False,1,19,0,0
1,1,1675209600000000000,16334503.0,12966516.0,47831839.0,43540110.0,5650000.0,1490169.0,21715045.0,11875572.0,False,True,False,False,False,False,False,False,False,False,False,False,False,True,False,False,1,19,0,0
1,1,1675209600000000000,16334503.0,12966516.0,47831839.0,43540110.0,5650000.0,1490169.0,21715045.0,11875572.0,False,True,False,False,False,False,False,False,False,False,False,False,False,False,True,False,1,19,0,0
0,1,1675209600000000000,16334503.0,12966516.0,47831839.0,43540110.0,5650000.0,1490169.0,21715045.0,11875572.0,False,True,False,False,False,False,False,False,False,False,False,False,False,False,False,True,1,19,0,0
1,1,1677628800000000000,25901100.0,18758829.0,14051459.0,7101802.0,3300000.0,989175.0,0.0,0.0,False,False,True,False,False,False,False,False,False,False,False,False,True,False,False,False,1,19,0,0
1,1,1677628800000000000,25901100.0,18758829.0,14051459.0,7101802.0,3300000.0,989175.0,0.0,0.0,False,False,True,False,False,False,False,False,False,False,False,False,False,True,False,False,1,19,0,0
1,1,1677628800000000000,25901100.0,18758829.0,14051459.0,7101802.0,3300000.0,989175.0,0.0,0.0,False,False,True,False,False,False,False,False,False,False,False,False,False,False,True,False,1,19,0,0
1,1,1677628800000000000,25901100.0,18758829.0,14051459.0,7101802.0,3300000.0,989175.0,0.0,0.0,False,False,True,False,False,False,False,False,False,False,False,False,False,False,False,True,1,19,0,0
1,1,1680307200000000000,24218685.0,15902921.0,5000000.0,2212500.0,41342560.0,9229443.0,31000000.0,11849302.0,False,False,False,True,False,False,False,False,False,False,False,False,True,False,False,False,1,19,0,0
1,1,1680307200000000000,24218685.0,15902921.0,5000000.0,2212500.0,41342560.0,9229443.0,31000000.0,11849302.0,False,False,False,True,False,False,False,False,False,False,False,False,False,True,False,False,1,19,0,0
1,1,1680307200000000000,24218685.0,15902921.0,5000000.0,2212500.0,41342560.0,9229443.0,31000000.0,11849302.0,False,False,False,True,False,False,False,False,False,False,False,False,False,False,True,False,1,19,0,0
1,1,1680307200000000000,24218685.0,15902921.0,5000000.0,2212500.0,41342560.0,9229443.0,31000000.0,11849302.0,False,False,False,True,False,False,False,False,False,False,False,False,False,False,False,True,1,19,0,0
1,1,1682899200000000000,22836578.0,16125544.0,53518228.0,33619510.0,11800000.0,2416285.0,37325254.0,13344454.0,False,False,False,False,True,False,False,False,False,False,False,False,True,False,False,False,1,19,0,0
1,1,1682899200000000000,22836578.0,16125544.0,53518228.0,33619510.0,11800000.0,2416285.0,37325254.0,13344454.0,False,False,False,False,True,False,False,False,False,False,False,False,False,True,False,False,1,19,0,0
1,1,1682899200000000000,22836578.0,16125544.0,53518228.0,33619510.0,11800000.0,2416285.0,37325254.0,13344454.0,False,False,False,False,True,False,False,False,False,False,False,False,False,False,True,False,1,19,0,0
0,1,1682899200000000000,22836578.0,16125544.0,53518228.0,33619510.0,11800000.0,2416285.0,37325254.0,13344454.0,False,False,False,False,True,False,False,False,False,False,False,False,False,False,False,True,1,19,0,0
1,1,1685577600000000000,8550923.0,6323304.0,58814676.0,28755231.0,22605098.0,5900274.0,0.0,0.0,False,False,False,False,False,True,False,False,False,False,False,False,True,False,False,False,1,19,0,0
1,1,1685577600000000000,8550923.0,6323304.0,58814676.0,28755231.0,22605098.0,5900274.0,0.0,0.0,False,False,False,False,False,True,False,False,False,False,False,False,False,True,False,False,1,19,0,0
1,1,1685577600000000000,8550923.0,6323304.0,58814676.0,28755231.0,22605098.0,5900274.0,0.0,0.0,False,False,False,False,False,True,False,False,False,False,False,False,False,False,True,False,1,19,0,0
1,1,1685577600000000000,8550923.0,6323304.0,58814676.0,28755231.0,22605098.0,5900274.0,0.0,0.0,False,False,False,False,False,True,False,False,False,False,False,False,False,False,False,True,1,19,0,0
1,1,1688169600000000000,36008475.0,20740001.0,63835431.0,20057873.0,60699616.0,10230049.0,37231377.0,11672190.0,False,False,False,False,False,False,True,False,False,False,False,False,True,False,False,False,1,19,0,0
1,1,1688169600000000000,36008475.0,20740001.0,63835431.0,20057873.0,60699616.0,10230049.0,37231377.0,11672190.0,False,False,False,False,False,False,True,False,False,False,False,False,False,True,False,False,1,19,0,0
1,1,1688169600000000000,36008475.0,20740001.0,63835431.0,20057873.0,60699616.0,10230049.0,37231377.0,11672190.0,False,False,False,False,False,False,True,False,False,False,False,False,False,False,True,False,1,19,0,0
1,1,1688169600000000000,36008475.0,20740001.0,63835431.0,20057873.0,60699616.0,10230049.0,37231377.0,11672190.0,False,False,False,False,False,False,True,False,False,False,False,False,False,False,False,True,1,19,0,0
1,1,1690848000000000000,26499722.0,13901169.0,93727020.0,48247097.0,26420845.0,4508239.0,3101138.0,1614319.0,False,False,False,False,False,False,False,True,False,False,False,False,True,False,False,False,1,19,0,0
1,1,1690848000000000000,26499722.0,13901169.0,93727020.0,48247097.0,26420845.0,4508239.0,3101138.0,1614319.0,False,False,False,False,False,False,False,True,False,False,False,False,False,True,False,False,1,19,0,0
1,1,1690848000000000000,26499722.0,13901169.0,93727020.0,48247097.0,26420845.0,4508239.0,3101138.0,1614319.0,False,False,False,False,False,False,False,True,False,False,False,False,False,False,True,False,1,19,0,0
1,1,1690848000000000000,26499722.0,13901169.0,93727020.0,48247097.0,26420845.0,4508239.0,3101138.0,1614319.0,False,False,False,False,False,False,False,True,False,False,False,False,False,False,False,True,1,19,0,0
1,1,1693526400000000000,16676671.0,9762386.0,37734795.0,17315375.0,4000000.0,931320.0,10500000.0,3098700.0,False,False,False,False,False,False,False,False,True,False,False,False,True,False,False,False,1,19,0,0
1,1,1693526400000000000,16676671.0,9762386.0,37734795.0,17315375.0,4000000.0,931320.0,10500000.0,3098700.0,False,False,False,False,False,False,False,False,True,False,False,False,False,True,False,False,1,19,0,0
1,1,1693526400000000000,16676671.0,9762386.0,37734795.0,17315375.0,4000000.0,931320.0,10500000.0,3098700.0,False,False,False,False,False,False,False,False,True,False,False,False,False,False,True,False,1,19,0,0
1,1,1693526400000000000,16676671.0,9762386.0,37734795.0,17315375.0,4000000.0,931320.0,10500000.0,3098700.0,False,False,False,False,False,False,False,False,True,False,False,False,False,False,False,True,1,19,0,0
1,1,1696118400000000000,23565051.0,10624706.0,73775000.0,26883059.0,3024113.0,811523.0,51600979.0,18015891.0,False,False,False,False,False,False,False,False,False,True,False,False,True,False,False,False,1,19,0,0
1,1,1696118400000000000,23565051.0,10624706.0,73775000.0,26883059.0,3024113.0,811523.0,51600979.0,18015891.0,False,False,False,False,False,False,False,False,False,True,False,False,False,True,False,False,1,19,0,0
1,1,1696118400000000000,23565051.0,10624706.0,73775000.0,26883059.0,3024113.0,811523.0,51600979.0,18015891.0,False,False,False,False,False,False,False,False,False,True,False,False,False,False,True,False,1,19,0,0
1,1,1696118400000000000,23565051.0,10624706.0,73775000.0,26883059.0,3024113.0,811523.0,51600979.0,18015891.0,False,False,False,False,False,False,False,False,False,True,False,False,False,False,False,True,1,19,0,0
1,1,1698796800000000000,14575000.0,7898783.0,37437366.0,10256845.0,114787510.0,18479220.0,34250250.0,12264401.0,False,False,False,False,False,False,False,False,False,False,True,False,True,False,False,False,1,19,0,0
1,1,1698796800000000000,14575000.0,7898783.0,37437366.0,10256845.0,114787510.0,18479220.0,34250250.0,12264401.0,False,False,False,False,False,False,False,False,False,False,True,False,False,True,False,False,1,19,0,0
0,1,1698796800000000000,14575000.0,7898783.0,37437366.0,10256845.0,114787510.0,18479220.0,34250250.0,12264401.0,False,False,False,False,False,False,False,False,False,False,True,False,False,False,True,False,1,19,0,0
1,1,1698796800000000000,14575000.0,7898783.0,37437366.0,10256845.0,114787510.0,18479220.0,34250250.0,12264401.0,False,False,False,False,False,False,False,False,False,False,True,False,False,False,False,True,1,19,0,0
1,1,1701388800000000000,17349500.0,9750154.0,41456058.0,12503105.0,0.0,0.0,13047165.0,4861739.0,False,False,False,False,False,False,False,False,False,False,False,True,True,False,False,False,1,19,0,0
1,1,1701388800000000000,17349500.0,9750154.0,41456058.0,12503105.0,0.0,0.0,13047165.0,4861739.0,False,False,False,False,False,False,False,False,False,False,False,True,False,True,False,False,1,19,0,0
1,1,1701388800000000000,17349500.0,9750154.0,41456058.0,12503105.0,0.0,0.0,13047165.0,4861739.0,False,False,False,False,False,False,False,False,False,False,False,True,False,False,True,False,1,19,0,0
1,1,1701388800000000000,17349500.0,9750154.0,41456058.0,12503105.0,0.0,0.0,13047165.0,4861739.0,False,False,False,False,False,False,False,False,False,False,False,True,False,False,False,True,1,19,0,0
1,1,1704067200000000000,47248382.0,24065780.0,18978039.0,7209234.0,11000000.0,2360600.0,17000000.0,5026600.0,True,False,False,False,False,False,False,False,False,False,False,False,True,False,False,False,1,19,0,0
1,1,1704067200000000000,47248382.0,24065780.0,18978039.0,7209234.0,11000000.0,2360600.0,17000000.0,5026600.0,True,False,False,False,False,False,False,False,False,False,False,False,False,True,False,False,1,19,0,0
1,1,1704067200000000000,47248382.0,24065780.0,18978039.0,7209234.0,11000000.0,2360600.0,17000000.0,5026600.0,True,False,False,False,False,False,False,False,False,False,False,False,False,False,True,False,1,19,0,0
1,1,1704067200000000000,47248382.0,24065780.0,18978039.0,7209234.0,11000000.0,2360600.0,17000000.0,5026600.0,True,False,False,False,False,False,False,False,False,False,False,False,False,False,False,True,1,19,0,0
1,1,1706745600000000000,3588000.0,1989538.0,24243586.0,6591142.0,31200840.0,3570249.0,17000000.0,5193850.0,False,True,False,False,False,False,False,False,False,False,False,False,True,False,False,False,1,19,0,0
1,1,1706745600000000000,3588000.0,1989538.0,24243586.0,6591142.0,31200840.0,3570249.0,17000000.0,5193850.0,False,True,False,False,False,False,False,False,False,False,False,False,False,True,False,False,1,19,0,0
1,1,1706745600000000000,3588000.0,1989538.0,24243586.0,6591142.0,31200840.0,3570249.0,17000000.0,5193850.0,False,True,False,False,False,False,False,False,False,False,False,False,False,False,True,False,1,19,0,0
0,1,1706745600000000000,3588000.0,1989538.0,24243586.0,6591142.0,31200840.0,3570249.0,17000000.0,5193850.0,False,True,False,False,False,False,False,False,False,False,False,False,False,False,False,True,1,19,0,0
1,1,1709251200000000000,37526905.0,19839930.0,50147519.0,16046823.0,4400000.0,703780.0,0.0,0.0,False,False,True,False,False,False,False,False,False,False,False,False,True,False,False,False,1,19,0,0
1,1,1709251200000000000,37526905.0,19839930.0,50147519.0,16046823.0,4400000.0,703780.0,0.0,0.0,False,False,True,False,False,False,False,False,False,False,False,False,False,True,False,False,1,19,0,0
1,1,1709251200000000000,37526905.0,19839930.0,50147519.0,16046823.0,4400000.0,703780.0,0.0,0.0,False,False,True,False,False,False,False,False,False,False,False,False,False,False,True,False,1,19,0,0
1,1,1709251200000000000,37526905.0,19839930.0,50147519.0,16046823.0,4400000.0,703780.0,0.0,0.0,False,False,True,False,False,False,False,False,False,False,False,False,False,False,False,True,1,19,0,0
1,1,1711929600000000000,8210200.0,4447805.0,59842668.0,14720344.0,19174534.0,2984084.0,22546078.0,7935335.0,False,False,False,True,False,False,False,False,False,False,False,False,True,False,False,False,1,19,0,0
1,1,1711929600000000000,8210200.0,4447805.0,59842668.0,14720344.0,19174534.0,2984084.0,22546078.0,7935335.0,False,False,False,True,False,False,False,False,False,False,False,False,False,True,False,False,1,19,0,0
1,1,1711929600000000000,8210200.0,4447805.0,59842668.0,14720344.0,19174534.0,2984084.0,22546078.0,7935335.0,False,False,False,True,False,False,False,False,False,False,False,False,False,False,True,False,1,19,0,0
1,1,1711929600000000000,8210200.0,4447805.0,59842668.0,14720344.0,19174534.0,2984084.0,22546078.0,7935335.0,False,False,False,True,False,False,False,False,False,False,False,False,False,False,False,True,1,19,0,0
1,1,1714521600000000000,59518787.0,31065447.0,71432266.0,20308351.0,20700000.0,3140673.0,49421774.0,16884100.0,False,False,False,False,True,False,False,False,False,False,False,False,True,False,False,False,1,19,0,0
1,1,1714521600000000000,59518787.0,31065447.0,71432266.0,20308351.0,20700000.0,3140673.0,49421774.0,16884100.0,False,False,False,False,True,False,False,False,False,False,False,False,False,True,False,False,1,19,0,0
1,1,1714521600000000000,59518787.0,31065447.0,71432266.0,20308351.0,20700000.0,3140673.0,49421774.0,16884100.0,False,False,False,False,True,False,False,False,False,False,False,False,False,False,True,False,1,19,0,0
1,1,1714521600000000000,59518787.0,31065447.0,71432266.0,20308351.0,20700000.0,3140673.0,49421774.0,16884100.0,False,False,False,False,True,False,False,False,False,False,False,False,False,False,False,True,1,19,0,0
