KG_LIQUIDO,KG_LIQUIDO_pred,date,CO_MES~1,CO_MES~2,CO_MES~3,CO_MES~4,CO_MES~5,CO_MES~6,CO_MES~7,CO_MES~8,CO_MES~9,CO_MES~10,CO_MES~11,CO_MES~12,nick~MAP_k,nick~MOP_k,nick~SAM_k,nick~UREIA_k,md_r
6038408.0,12468049.2779948,1175385600000000000,False,False,False,True,False,False,False,False,False,False,False,False,False,True,False,False,1
5320000.0,12468049.2779948,1175385600000000000,False,False,False,True,False,False,False,False,False,False,False,False,False,False,True,False,1
40013000.0,12813573.791187039,1177977600000000000,False,False,False,False,True,False,False,False,False,False,False,False,True,False,False,False,1
14220000.0,12813573.791187039,1177977600000000000,False,False,False,False,True,False,False,False,False,False,False,False,False,True,False,False,1
16367910.0,12298290.650047557,1177977600000000000,False,False,False,False,True,False,False,False,False,False,False,False,False,False,True,False,1
30978750.0,12378675.263711583,1180656000000000000,False,False,False,False,False,True,False,False,False,False,False,False,True,False,False,False,1
23073019.0,12378675.263711583,1180656000000000000,False,False,False,False,False,True,False,False,False,False,False,False,False,True,False,False,1
8752886.0,11920391.55917882,1180656000000000000,False,False,False,False,False,True,False,False,False,False,False,False,False,False,True,False,1
31232331.0,12511003.862502048,1183248000000000000,False,False,False,False,False,False,True,False,False,False,False,False,True,False,False,False,1
11381024.0,12511003.862502048,1183248000000000000,False,False,False,False,False,False,True,False,False,False,False,False,False,True,False,False,1
41864348.0,13072331.472587401,1185926400000000000,False,False,False,False,False,False,False,True,False,False,False,False,False,True,False,False,1
5035474.0,12617318.601967312,1185926400000000000,False,False,False,False,False,False,False,True,False,False,False,False,False,False,True,False,1
28845610.0,13134247.793187642,1188604800000000000,False,False,False,False,False,False,False,False,True,False,False,False,True,False,False,False,1
20483595.0,13134247.793187642,1188604800000000000,False,False,False,False,False,False,False,False,True,False,False,False,False,True,False,False,1
23116052.0,13820302.952740364,1191196800000000000,False,False,False,False,False,False,False,False,False,True,False,False,True,False,False,False,1
21802567.0,13820302.952740364,1191196800000000000,False,False,False,False,False,False,False,False,False,True,False,False,False,True,False,False,1
13000000.0,25050393.28114812,1191196800000000000,False,False,False,False,False,False,False,False,False,True,False,False,False,False,False,True,1
21195623.0,13589301.687525354,1193875200000000000,False,False,False,False,False,False,False,False,False,False,True,False,False,True,False,False,1
4725000.0,13113093.587964442,1193875200000000000,False,False,False,False,False,False,False,False,False,False,True,False,False,False,True,False,1
20034938.0,25559064.362212814,1193875200000000000,False,False,False,False,False,False,False,False,False,False,True,False,False,False,False,True,1
31650855.0,13466652.081330651,1196467200000000000,False,False,False,False,False,False,False,False,False,False,False,True,False,True,False,False,1
3066819.0,12468498.759567747,1196467200000000000,False,False,False,False,False,False,False,False,False,False,False,True,False,False,True,False,1
11250000.0,13318647.052954333,1199145600000000000,True,False,False,False,False,False,False,False,False,False,False,False,True,False,False,False,1
26951859.0,13318647.052954333,1199145600000000000,True,False,False,False,False,False,False,False,False,False,False,False,False,True,False,False,1
5501889.0,26566771.929102845,1199145600000000000,True,False,False,False,False,False,False,False,False,False,False,False,False,False,False,True,1
9875108.0,12537626.217284886,1201824000000000000,False,True,False,False,False,False,False,False,False,False,False,False,False,False,True,False,1
483000.0,13909606.62712213,1204329600000000000,False,False,True,False,False,False,False,False,False,False,False,False,True,False,False,False,1
1000000.0,12766887.6792248,1204329600000000000,False,False,True,False,False,False,False,False,False,False,False,False,False,False,True,False,1
1000000.0,13645882.147567313,1207008000000000000,False,False,False,True,False,False,False,False,False,False,False,False,True,False,False,False,1
10772051.0,13645882.147567313,1207008000000000000,False,False,False,True,False,False,False,False,False,False,False,False,False,True,False,False,1
22154640.0,13590498.375777109,1209600000000000000,False,False,False,False,True,False,False,False,False,False,False,False,True,False,False,False,1
47509101.0,13590498.375777109,1209600000000000000,False,False,False,False,True,False,False,False,False,False,False,False,False,True,False,False,1
4000000.0,12408750.641541049,1209600000000000000,False,False,False,False,True,False,False,False,False,False,False,False,False,False,True,False,1
28870067.0,13820196.504792837,1212278400000000000,False,False,False,False,False,True,False,False,False,False,False,False,True,False,False,False,1
10002175.0,13820196.504792837,1212278400000000000,False,False,False,False,False,True,False,False,False,False,False,False,False,True,False,False,1
22020340.0,13784445.79950479,1214870400000000000,False,False,False,False,False,False,True,False,False,False,False,False,True,False,False,False,1
21260626.0,13784445.79950479,1214870400000000000,False,False,False,False,False,False,True,False,False,False,False,False,False,True,False,False,1
950000.0,12791763.428248627,1214870400000000000,False,False,False,False,False,False,True,False,False,False,False,False,False,False,True,False,1
3577701.0,13506957.70893602,1217548800000000000,False,False,False,False,False,False,False,True,False,False,False,False,True,False,False,False,1
44432730.0,13506957.70893602,1217548800000000000,False,False,False,False,False,False,False,True,False,False,False,False,False,True,False,False,1
33058109.0,24699001.016239937,1217548800000000000,False,False,False,False,False,False,False,True,False,False,False,False,False,False,False,True,1
28090884.0,13866062.59765787,1220227200000000000,False,False,False,False,False,False,False,False,True,False,False,False,True,False,False,False,1
23530899.0,13866062.59765787,1220227200000000000,False,False,False,False,False,False,False,False,True,False,False,False,False,True,False,False,1
11093619.0,12225909.487906607,1220227200000000000,False,False,False,False,False,False,False,False,True,False,False,False,False,False,True,False,1
11722685.0,14074989.025247404,1222819200000000000,False,False,False,False,False,False,False,False,False,True,False,False,True,False,False,False,1
36277698.0,14074989.025247404,1222819200000000000,False,False,False,False,False,False,False,False,False,True,False,False,False,True,False,False,1
1425000.0,12353722.731445927,1230768000000000000,True,False,False,False,False,False,False,False,False,False,False,False,False,False,True,False,1
1615420.0,12432439.528848136,1233446400000000000,False,True,False,False,False,False,False,False,False,False,False,False,False,False,True,False,1
1954373.0,11173570.592721814,1235865600000000000,False,False,True,False,False,False,False,False,False,False,False,False,False,False,True,False,1
4200000.0,14182630.111720942,1238544000000000000,False,False,False,True,False,False,False,False,False,False,False,False,True,False,False,False,1
5043680.0,14182630.111720942,1238544000000000000,False,False,False,True,False,False,False,False,False,False,False,False,False,True,False,False,1
2500000.0,10752065.905953966,1238544000000000000,False,False,False,True,False,False,False,False,False,False,False,False,False,False,True,False,1
17570676.0,13910170.59905703,1241136000000000000,False,False,False,False,True,False,False,False,False,False,False,False,True,False,False,False,1
9000946.0,11506932.359489834,1241136000000000000,False,False,False,False,True,False,False,False,False,False,False,False,False,False,True,False,1
5558437.0,14343503.406271929,1243814400000000000,False,False,False,False,False,True,False,False,False,False,False,False,True,False,False,False,1
32499430.0,14343503.406271929,1243814400000000000,False,False,False,False,False,True,False,False,False,False,False,False,False,True,False,False,1
6128363.0,10759507.781311436,1243814400000000000,False,False,False,False,False,True,False,False,False,False,False,False,False,False,True,False,1
18174950.0,13945952.430273972,1246406400000000000,False,False,False,False,False,False,True,False,False,False,False,False,True,False,False,False,1
13957048.0,13764981.216488762,1249084800000000000,False,False,False,False,False,False,False,True,False,False,False,False,True,False,False,False,1
37993477.0,13764981.216488762,1249084800000000000,False,False,False,False,False,False,False,True,False,False,False,False,False,True,False,False,1
12768004.0,11205606.156933475,1249084800000000000,False,False,False,False,False,False,False,True,False,False,False,False,False,False,True,False,1
25082443.0,14370669.794082215,1251763200000000000,False,False,False,False,False,False,False,False,True,False,False,False,True,False,False,False,1
25277679.0,14370669.794082215,1251763200000000000,False,False,False,False,False,False,False,False,True,False,False,False,False,True,False,False,1
16523443.0,14259614.640847592,1254355200000000000,False,False,False,False,False,False,False,False,False,True,False,False,True,False,False,False,1
7003360.0,14259614.640847592,1254355200000000000,False,False,False,False,False,False,False,False,False,True,False,False,False,True,False,False,1
6865332.0,11436021.17095394,1254355200000000000,False,False,False,False,False,False,False,False,False,True,False,False,False,False,True,False,1
5300049.0,24361972.629707593,1254355200000000000,False,False,False,False,False,False,False,False,False,True,False,False,False,False,False,True,1
8410700.0,14405636.789369004,1257033600000000000,False,False,False,False,False,False,False,False,False,False,True,False,True,False,False,False,1
15300000.0,14405636.789369004,1257033600000000000,False,False,False,False,False,False,False,False,False,False,True,False,False,True,False,False,1
7455321.0,10823392.179881658,1259625600000000000,False,False,False,False,False,False,False,False,False,False,False,True,False,False,True,False,1
11065162.0,14257435.166651802,1262304000000000000,True,False,False,False,False,False,False,False,False,False,False,False,True,False,False,False,1
12190943.0,14257435.166651802,1262304000000000000,True,False,False,False,False,False,False,False,False,False,False,False,False,True,False,False,1
6000355.0,10921033.50494516,1264982400000000000,False,True,False,False,False,False,False,False,False,False,False,False,False,False,True,False,1
8723344.0,14108392.028056096,1267401600000000000,False,False,True,False,False,False,False,False,False,False,False,False,True,False,False,False,1
7107759.0,14108392.028056096,1267401600000000000,False,False,True,False,False,False,False,False,False,False,False,False,False,True,False,False,1
11777889.0,14095583.504386732,1270080000000000000,False,False,False,True,False,False,False,False,False,False,False,False,True,False,False,False,1
9177003.0,14095583.504386732,1270080000000000000,False,False,False,True,False,False,False,False,False,False,False,False,False,True,False,False,1
13955764.0,14205202.581307039,1272672000000000000,False,False,False,False,True,False,False,False,False,False,False,False,True,False,False,False,1
10037140.0,14205202.581307039,1272672000000000000,False,False,False,False,True,False,False,False,False,False,False,False,False,True,False,False,1
7873966.0,10825802.415022606,1272672000000000000,False,False,False,False,True,False,False,False,False,False,False,False,False,False,True,False,1
9902971.0,14257020.749300338,1275350400000000000,False,False,False,False,False,True,False,False,False,False,False,False,True,False,False,False,1
31439169.0,14257020.749300338,1275350400000000000,False,False,False,False,False,True,False,False,False,False,False,False,False,True,False,False,1
4000000.0,10442342.202529589,1275350400000000000,False,False,False,False,False,True,False,False,False,False,False,False,False,False,True,False,1
15392823.0,14462370.654200062,1277942400000000000,False,False,False,False,False,False,True,False,False,False,False,False,True,False,False,False,1
25807191.0,14462370.654200062,1277942400000000000,False,False,False,False,False,False,True,False,False,False,False,False,False,True,False,False,1
5038261.0,10377332.64051464,1277942400000000000,False,False,False,False,False,False,True,False,False,False,False,False,False,False,True,False,1
14190427.0,14534956.78291025,1280620800000000000,False,False,False,False,False,False,False,True,False,False,False,False,True,False,False,False,1
10331246.0,14534956.78291025,1280620800000000000,False,False,False,False,False,False,False,True,False,False,False,False,False,True,False,False,1
8107249.0,10459082.423332952,1280620800000000000,False,False,False,False,False,False,False,True,False,False,False,False,False,False,True,False,1
38739442.0,14395300.486379664,1283299200000000000,False,False,False,False,False,False,False,False,True,False,False,False,False,True,False,False,1
20855533.0,14599882.798061976,1285891200000000000,False,False,False,False,False,False,False,False,False,True,False,False,True,False,False,False,1
29551636.0,14599882.798061976,1285891200000000000,False,False,False,False,False,False,False,False,False,True,False,False,False,True,False,False,1
22729307.0,14804387.034513973,1288569600000000000,False,False,False,False,False,False,False,False,False,False,True,False,True,False,False,False,1
43812854.0,14804387.034513973,1288569600000000000,False,False,False,False,False,False,False,False,False,False,True,False,False,True,False,False,1
4008064.0,9874276.129220122,1288569600000000000,False,False,False,False,False,False,False,False,False,False,True,False,False,False,True,False,1
11788591.0,21967507.26106989,1288569600000000000,False,False,False,False,False,False,False,False,False,False,True,False,False,False,False,True,1
8045171.0,15176117.248739671,1291161600000000000,False,False,False,False,False,False,False,False,False,False,False,True,False,True,False,False,1
6148566.0,9631401.096100368,1291161600000000000,False,False,False,False,False,False,False,False,False,False,False,True,False,False,True,False,1
9150123.0,15446101.817364147,1293840000000000000,True,False,False,False,False,False,False,False,False,False,False,False,True,False,False,False,1
30503618.0,15446101.817364147,1293840000000000000,True,False,False,False,False,False,False,False,False,False,False,False,False,True,False,False,1
2000000.0,9344528.552620824,1293840000000000000,True,False,False,False,False,False,False,False,False,False,False,False,False,False,True,False,1
4404017.0,9295416.901587673,1296518400000000000,False,True,False,False,False,False,False,False,False,False,False,False,False,False,True,False,1
31767710.0,15418006.472756457,1298937600000000000,False,False,True,False,False,False,False,False,False,False,False,False,True,False,False,False,1
15331624.0,15418006.472756457,1298937600000000000,False,False,True,False,False,False,False,False,False,False,False,False,False,True,False,False,1
2200000.0,9166130.414069885,1298937600000000000,False,False,True,False,False,False,False,False,False,False,False,False,False,False,True,False,1
14008649.0,15174181.692109557,1301616000000000000,False,False,False,True,False,False,False,False,False,False,False,False,True,False,False,False,1
39744334.0,15174181.692109557,1301616000000000000,False,False,False,True,False,False,False,False,False,False,False,False,False,True,False,False,1
3147385.0,9358654.33333418,1301616000000000000,False,False,False,True,False,False,False,False,False,False,False,False,False,False,True,False,1
21401039.0,15389366.312456474,1304208000000000000,False,False,False,False,True,False,False,False,False,False,False,False,True,False,False,False,1
56360927.0,15389366.312456474,1304208000000000000,False,False,False,False,True,False,False,False,False,False,False,False,False,True,False,False,1
5002500.0,9285087.944132322,1304208000000000000,False,False,False,False,True,False,False,False,False,False,False,False,False,False,True,False,1
17966159.0,15547489.712492626,1306886400000000000,False,False,False,False,False,True,False,False,False,False,False,False,True,False,False,False,1
34991639.0,15547489.712492626,1306886400000000000,False,False,False,False,False,True,False,False,False,False,False,False,False,True,False,False,1
9108790.0,9038332.276854813,1306886400000000000,False,False,False,False,False,True,False,False,False,False,False,False,False,False,True,False,1
25467220.0,16260958.601548994,1309478400000000000,False,False,False,False,False,False,True,False,False,False,False,False,True,False,False,False,1
43440663.0,16260958.601548994,1309478400000000000,False,False,False,False,False,False,True,False,False,False,False,False,False,True,False,False,1
9002491.0,8480593.615154,1309478400000000000,False,False,False,False,False,False,True,False,False,False,False,False,False,False,True,False,1
34085162.0,16155545.653254183,1312156800000000000,False,False,False,False,False,False,False,True,False,False,False,False,True,False,False,False,1
45783995.0,16155545.653254183,1312156800000000000,False,False,False,False,False,False,False,True,False,False,False,False,False,True,False,False,1
4750000.0,8676709.13863925,1312156800000000000,False,False,False,False,False,False,False,True,False,False,False,False,False,False,True,False,1
33453953.0,16519878.99296564,1314835200000000000,False,False,False,False,False,False,False,False,True,False,False,False,True,False,False,False,1
54393785.0,16519878.99296564,1314835200000000000,False,False,False,False,False,False,False,False,True,False,False,False,False,True,False,False,1
20269521.0,18107386.25236259,1317427200000000000,False,False,False,False,False,False,False,False,False,True,False,False,True,False,False,False,1
40116685.0,18107386.25236259,1317427200000000000,False,False,False,False,False,False,False,False,False,True,False,False,False,True,False,False,1
13582575.0,9251171.561873421,1317427200000000000,False,False,False,False,False,False,False,False,False,True,False,False,False,False,True,False,1
5904530.0,17372629.99329811,1320105600000000000,False,False,False,False,False,False,False,False,False,False,True,False,True,False,False,False,1
1544843.0,7984930.251954867,1320105600000000000,False,False,False,False,False,False,False,False,False,False,True,False,False,False,True,False,1
7889407.0,16987532.786571406,1322697600000000000,False,False,False,False,False,False,False,False,False,False,False,True,True,False,False,False,1
8112690.0,16987532.786571406,1322697600000000000,False,False,False,False,False,False,False,False,False,False,False,True,False,True,False,False,1
500000.0,17198308.681932718,1325376000000000000,True,False,False,False,False,False,False,False,False,False,False,False,True,False,False,False,1
2500000.0,7828771.659038089,1325376000000000000,True,False,False,False,False,False,False,False,False,False,False,False,False,False,True,False,1
11358215.0,16914274.293644346,1328054400000000000,False,True,False,False,False,False,False,False,False,False,False,False,True,False,False,False,1
5240840.0,17188711.852187764,1330560000000000000,False,False,True,False,False,False,False,False,False,False,False,False,True,False,False,False,1
1008000.0,17188711.852187764,1330560000000000000,False,False,True,False,False,False,False,False,False,False,False,False,False,True,False,False,1
4000000.0,7931617.805903299,1330560000000000000,False,False,True,False,False,False,False,False,False,False,False,False,False,False,True,False,1
14150000.0,16757701.28424091,1333238400000000000,False,False,False,True,False,False,False,False,False,False,False,False,True,False,False,False,1
33827671.0,16757701.28424091,1333238400000000000,False,False,False,True,False,False,False,False,False,False,False,False,False,True,False,False,1
4507519.0,8173392.695089775,1333238400000000000,False,False,False,True,False,False,False,False,False,False,False,False,False,False,True,False,1
12377942.0,16365357.539880592,1335830400000000000,False,False,False,False,True,False,False,False,False,False,False,False,True,False,False,False,1
34316317.0,16365357.539880592,1335830400000000000,False,False,False,False,True,False,False,False,False,False,False,False,False,True,False,False,1
6060847.0,8485361.530615443,1335830400000000000,False,False,False,False,True,False,False,False,False,False,False,False,False,False,True,False,1
44258873.0,16655217.176400764,1338508800000000000,False,False,False,False,False,True,False,False,False,False,False,False,True,False,False,False,1
107355041.0,16655217.176400764,1338508800000000000,False,False,False,False,False,True,False,False,False,False,False,False,False,True,False,False,1
6052148.0,8109063.169280174,1338508800000000000,False,False,False,False,False,True,False,False,False,False,False,False,False,False,True,False,1
43771499.0,27110132.43180237,1341100800000000000,False,False,False,False,False,False,True,False,False,False,False,False,False,True,False,False,1
12248744.0,18498407.80143085,1341100800000000000,False,False,False,False,False,False,True,False,False,False,False,False,False,False,True,False,1
8649000.0,27864870.13911438,1343779200000000000,False,False,False,False,False,False,False,True,False,False,False,False,False,True,False,False,1
23579666.0,22976505.473868385,1346457600000000000,False,False,False,False,False,False,False,False,True,False,False,False,True,False,False,False,1
34014877.0,22732419.88630905,1349049600000000000,False,False,False,False,False,False,False,False,False,True,False,False,True,False,False,False,1
41748229.0,22732419.88630905,1349049600000000000,False,False,False,False,False,False,False,False,False,True,False,False,False,True,False,False,1
12911924.0,14302673.396386562,1349049600000000000,False,False,False,False,False,False,False,False,False,True,False,False,False,False,True,False,1
24215426.0,21304105.48615647,1351728000000000000,False,False,False,False,False,False,False,False,False,False,True,False,True,False,False,False,1
42570743.0,21304105.48615647,1351728000000000000,False,False,False,False,False,False,False,False,False,False,True,False,False,True,False,False,1
30383406.0,20084619.7245376,1354320000000000000,False,False,False,False,False,False,False,False,False,False,False,True,False,True,False,False,1
1953466.0,10093424.458925955,1354320000000000000,False,False,False,False,False,False,False,False,False,False,False,True,False,False,True,False,1
4674955.0,18406696.351755086,1356998400000000000,True,False,False,False,False,False,False,False,False,False,False,False,True,False,False,False,1
5317283.0,7310740.570082801,1356998400000000000,True,False,False,False,False,False,False,False,False,False,False,False,False,False,True,False,1
3000000.0,18428978.42446288,1359676800000000000,False,True,False,False,False,False,False,False,False,False,False,False,False,True,False,False,1
4415065.0,7985135.989712472,1359676800000000000,False,True,False,False,False,False,False,False,False,False,False,False,False,False,True,False,1
7650000.0,18053082.27881292,1362096000000000000,False,False,True,False,False,False,False,False,False,False,False,False,True,False,False,False,1
3150000.0,7595843.61895133,1362096000000000000,False,False,True,False,False,False,False,False,False,False,False,False,False,False,True,False,1
8944423.0,17990050.268259,1364774400000000000,False,False,False,True,False,False,False,False,False,False,False,False,True,False,False,False,1
3500280.0,17990050.268259,1364774400000000000,False,False,False,True,False,False,False,False,False,False,False,False,False,True,False,False,1
5496249.0,17834336.81795326,1367366400000000000,False,False,False,False,True,False,False,False,False,False,False,False,True,False,False,False,1
43712153.0,17834336.81795326,1367366400000000000,False,False,False,False,True,False,False,False,False,False,False,False,False,True,False,False,1
2059590.0,7218269.693303127,1367366400000000000,False,False,False,False,True,False,False,False,False,False,False,False,False,False,True,False,1
7500700.0,17993271.161096975,1370044800000000000,False,False,False,False,False,True,False,False,False,False,False,False,True,False,False,False,1
31863507.0,17993271.161096975,1370044800000000000,False,False,False,False,False,True,False,False,False,False,False,False,False,True,False,False,1
5653847.0,6896375.150179939,1370044800000000000,False,False,False,False,False,True,False,False,False,False,False,False,False,False,True,False,1
7164975.0,18493496.831394244,1370044800000000000,False,False,False,False,False,True,False,False,False,False,False,False,False,False,False,True,1
46851673.0,17683228.037324037,1372636800000000000,False,False,False,False,False,False,True,False,False,False,False,False,True,False,False,False,1
59617739.0,17683228.037324037,1372636800000000000,False,False,False,False,False,False,True,False,False,False,False,False,False,True,False,False,1
2000000.0,7335877.024665961,1372636800000000000,False,False,False,False,False,False,True,False,False,False,False,False,False,False,True,False,1
32760040.0,18285623.068824474,1375315200000000000,False,False,False,False,False,False,False,True,False,False,False,False,True,False,False,False,1
28221460.0,18285623.068824474,1375315200000000000,False,False,False,False,False,False,False,True,False,False,False,False,False,True,False,False,1
6907223.0,6829793.2828136375,1375315200000000000,False,False,False,False,False,False,False,True,False,False,False,False,False,False,True,False,1
11220358.0,18629759.492396172,1375315200000000000,False,False,False,False,False,False,False,True,False,False,False,False,False,False,False,True,1
18421642.0,18310310.11931423,1377993600000000000,False,False,False,False,False,False,False,False,True,False,False,False,True,False,False,False,1
23854134.0,18310310.11931423,1377993600000000000,False,False,False,False,False,False,False,False,True,False,False,False,False,True,False,False,1
3402614.0,18310310.11931423,1377993600000000000,False,False,False,False,False,False,False,False,True,False,False,False,False,False,False,True,1
26330070.0,18261391.440343753,1380585600000000000,False,False,False,False,False,False,False,False,False,True,False,False,True,False,False,False,1
104463556.0,18261391.440343753,1380585600000000000,False,False,False,False,False,False,False,False,False,True,False,False,False,True,False,False,1
22418352.0,6929738.916097385,1380585600000000000,False,False,False,False,False,False,False,False,False,True,False,False,False,False,True,False,1
14008192.0,28645532.967545155,1383264000000000000,False,False,False,False,False,False,False,False,False,False,True,False,True,False,False,False,1
38541580.0,28645532.967545155,1383264000000000000,False,False,False,False,False,False,False,False,False,False,True,False,False,True,False,False,1
4066170.0,18447885.68962829,1383264000000000000,False,False,False,False,False,False,False,False,False,False,True,False,False,False,True,False,1
9887785.0,28645532.967545155,1383264000000000000,False,False,False,False,False,False,False,False,False,False,True,False,False,False,False,True,1
17181817.0,19219825.87281338,1385856000000000000,False,False,False,False,False,False,False,False,False,False,False,True,True,False,False,False,1
21289647.0,19219825.87281338,1385856000000000000,False,False,False,False,False,False,False,False,False,False,False,True,False,True,False,False,1
1500000.0,7301616.364024478,1385856000000000000,False,False,False,False,False,False,False,False,False,False,False,True,False,False,True,False,1
19275598.0,18587397.36119746,1388534400000000000,True,False,False,False,False,False,False,False,False,False,False,False,True,False,False,False,1
17566539.0,18587397.36119746,1388534400000000000,True,False,False,False,False,False,False,False,False,False,False,False,False,True,False,False,1
1575000.0,6838758.58198108,1388534400000000000,True,False,False,False,False,False,False,False,False,False,False,False,False,False,True,False,1
25014765.0,18722972.25705384,1391212800000000000,False,True,False,False,False,False,False,False,False,False,False,False,False,True,False,False,1
5000000.0,6812620.237444107,1391212800000000000,False,True,False,False,False,False,False,False,False,False,False,False,False,False,True,False,1
21318322.0,18625688.314110816,1391212800000000000,False,True,False,False,False,False,False,False,False,False,False,False,False,False,False,True,1
780000.0,18628447.70267028,1393632000000000000,False,False,True,False,False,False,False,False,False,False,False,False,True,False,False,False,1
28280601.0,18628447.70267028,1393632000000000000,False,False,True,False,False,False,False,False,False,False,False,False,False,True,False,False,1
5203957.0,6768347.871921101,1393632000000000000,False,False,True,False,False,False,False,False,False,False,False,False,False,False,True,False,1
5648018.0,18415838.960304312,1396310400000000000,False,False,False,True,False,False,False,False,False,False,False,False,True,False,False,False,1
10063370.0,18641409.20167439,1396310400000000000,False,False,False,True,False,False,False,False,False,False,False,False,False,True,False,False,1
26250000.0,18684012.133247446,1398902400000000000,False,False,False,False,True,False,False,False,False,False,False,False,True,False,False,False,1
48142412.0,18787762.130644012,1398902400000000000,False,False,False,False,True,False,False,False,False,False,False,False,False,True,False,False,1
5401065.0,6759374.2065600585,1398902400000000000,False,False,False,False,True,False,False,False,False,False,False,False,False,False,True,False,1
25836515.0,18714331.434899803,1401580800000000000,False,False,False,False,False,True,False,False,False,False,False,False,True,False,False,False,1
35038520.0,18714331.434899803,1401580800000000000,False,False,False,False,False,True,False,False,False,False,False,False,False,True,False,False,1
34951688.0,18684904.859630708,1404172800000000000,False,False,False,False,False,False,True,False,False,False,False,False,True,False,False,False,1
93164257.0,18684904.859630708,1404172800000000000,False,False,False,False,False,False,True,False,False,False,False,False,False,True,False,False,1
5132316.0,6690181.808858056,1404172800000000000,False,False,False,False,False,False,True,False,False,False,False,False,False,False,True,False,1
6402000.0,22230874.55913971,1406851200000000000,False,False,False,False,False,False,False,True,False,False,False,False,True,False,False,False,1
60643271.0,22459025.21713438,1406851200000000000,False,False,False,False,False,False,False,True,False,False,False,False,False,True,False,False,1
9303329.0,11271073.845245568,1406851200000000000,False,False,False,False,False,False,False,True,False,False,False,False,False,False,True,False,1
5264477.0,22230874.55913971,1406851200000000000,False,False,False,False,False,False,False,True,False,False,False,False,False,False,False,True,1
54877161.0,19678376.443093237,1409529600000000000,False,False,False,False,False,False,False,False,True,False,False,False,True,False,False,False,1
30910484.0,19916638.400008127,1409529600000000000,False,False,False,False,False,False,False,False,True,False,False,False,False,True,False,False,1
8407686.0,7994006.748636026,1409529600000000000,False,False,False,False,False,False,False,False,True,False,False,False,False,False,True,False,1
1832940.0,19678376.443093237,1409529600000000000,False,False,False,False,False,False,False,False,True,False,False,False,False,False,False,True,1
21670782.0,18926679.332796432,1412121600000000000,False,False,False,False,False,False,False,False,False,True,False,False,True,False,False,False,1
69132686.0,19288319.962334927,1412121600000000000,False,False,False,False,False,False,False,False,False,True,False,False,False,True,False,False,1
28026405.0,18926679.332796432,1412121600000000000,False,False,False,False,False,False,False,False,False,True,False,False,False,False,False,True,1
10404297.0,19332286.608625036,1414800000000000000,False,False,False,False,False,False,False,False,False,False,True,False,True,False,False,False,1
62566203.0,19574277.812160674,1414800000000000000,False,False,False,False,False,False,False,False,False,False,True,False,False,True,False,False,1
11574740.0,7485641.398030701,1414800000000000000,False,False,False,False,False,False,False,False,False,False,True,False,False,False,True,False,1
3323500.0,19332286.608625036,1414800000000000000,False,False,False,False,False,False,False,False,False,False,True,False,False,False,False,True,1
13156228.0,19580075.626219224,1417392000000000000,False,False,False,False,False,False,False,False,False,False,False,True,True,False,False,False,1
7737854.0,19713913.695424367,1417392000000000000,False,False,False,False,False,False,False,False,False,False,False,True,False,True,False,False,1
1656229.0,7206518.951847713,1417392000000000000,False,False,False,False,False,False,False,False,False,False,False,True,False,False,True,False,1
6300832.0,19580075.626219224,1417392000000000000,False,False,False,False,False,False,False,False,False,False,False,True,False,False,False,True,1
9061396.0,18967984.088147923,1420070400000000000,True,False,False,False,False,False,False,False,False,False,False,False,True,False,False,False,1
14295646.0,19328537.706551827,1420070400000000000,True,False,False,False,False,False,False,False,False,False,False,False,False,True,False,False,1
2681783.0,18967984.088147923,1420070400000000000,True,False,False,False,False,False,False,False,False,False,False,False,False,False,False,True,1
9885437.0,18583237.578742474,1422748800000000000,False,True,False,False,False,False,False,False,False,False,False,False,True,False,False,False,1
42669272.0,19282411.843083613,1422748800000000000,False,True,False,False,False,False,False,False,False,False,False,False,False,True,False,False,1
3000424.0,7112189.830681818,1422748800000000000,False,True,False,False,False,False,False,False,False,False,False,False,False,False,True,False,1
9315162.0,18977104.9896996,1425168000000000000,False,False,True,False,False,False,False,False,False,False,False,False,True,False,False,False,1
10055112.0,19199747.26217668,1425168000000000000,False,False,True,False,False,False,False,False,False,False,False,False,False,True,False,False,1
5380114.0,6780723.71749152,1425168000000000000,False,False,True,False,False,False,False,False,False,False,False,False,False,False,True,False,1
1098000.0,18834658.213776898,1427846400000000000,False,False,False,True,False,False,False,False,False,False,False,False,True,False,False,False,1
18098492.0,19424946.087992962,1427846400000000000,False,False,False,True,False,False,False,False,False,False,False,False,False,True,False,False,1
2200700.0,6898357.2701562615,1427846400000000000,False,False,False,True,False,False,False,False,False,False,False,False,False,False,True,False,1
12680729.0,18804100.642782126,1430438400000000000,False,False,False,False,True,False,False,False,False,False,False,False,True,False,False,False,1
23948298.0,19370032.910327595,1430438400000000000,False,False,False,False,True,False,False,False,False,False,False,False,False,True,False,False,1
37551889.0,19120657.387985513,1433116800000000000,False,False,False,False,False,True,False,False,False,False,False,False,True,False,False,False,1
40635271.0,19240010.44802668,1433116800000000000,False,False,False,False,False,True,False,False,False,False,False,False,False,True,False,False,1
9744090.0,6557351.257120486,1433116800000000000,False,False,False,False,False,True,False,False,False,False,False,False,False,False,True,False,1
15628826.0,19014052.069426686,1435708800000000000,False,False,False,False,False,False,True,False,False,False,False,False,True,False,False,False,1
17386980.0,19373399.57013452,1435708800000000000,False,False,False,False,False,False,True,False,False,False,False,False,False,True,False,False,1
8000000.0,6783579.225582999,1435708800000000000,False,False,False,False,False,False,True,False,False,False,False,False,False,False,True,False,1
1152000.0,19014052.069426686,1435708800000000000,False,False,False,False,False,False,True,False,False,False,False,False,False,False,False,True,1
19938994.0,18923583.26631203,1438387200000000000,False,False,False,False,False,False,False,True,False,False,False,False,True,False,False,False,1
61438582.0,19305355.49817651,1438387200000000000,False,False,False,False,False,False,False,True,False,False,False,False,False,True,False,False,1
3689138.0,18923583.26631203,1438387200000000000,False,False,False,False,False,False,False,True,False,False,False,False,False,False,False,True,1
20865745.0,18941329.72275053,1441065600000000000,False,False,False,False,False,False,False,False,True,False,False,False,True,False,False,False,1
88807112.0,19425809.583334748,1441065600000000000,False,False,False,False,False,False,False,False,True,False,False,False,False,True,False,False,1
8353953.0,6811654.882565699,1441065600000000000,False,False,False,False,False,False,False,False,True,False,False,False,False,False,True,False,1
4867613.0,18941329.72275053,1441065600000000000,False,False,False,False,False,False,False,False,True,False,False,False,False,False,False,True,1
15495784.0,20020005.518795356,1443657600000000000,False,False,False,False,False,False,False,False,False,True,False,False,True,False,False,False,1
40048831.0,20782522.32728333,1443657600000000000,False,False,False,False,False,False,False,False,False,True,False,False,False,True,False,False,1
10946623.0,8346708.127601409,1443657600000000000,False,False,False,False,False,False,False,False,False,True,False,False,False,False,True,False,1
13158585.0,18554199.45907485,1446336000000000000,False,False,False,False,False,False,False,False,False,False,True,False,True,False,False,False,1
23936357.0,19798707.86392244,1446336000000000000,False,False,False,False,False,False,False,False,False,False,True,False,False,True,False,False,1
24229766.0,19733400.29779677,1448928000000000000,False,False,False,False,False,False,False,False,False,False,False,True,False,True,False,False,1
600000.0,18884528.181449685,1451606400000000000,True,False,False,False,False,False,False,False,False,False,False,False,True,False,False,False,1
3625000.0,7212066.1639308715,1451606400000000000,True,False,False,False,False,False,False,False,False,False,False,False,False,False,True,False,1
11233838.0,18712976.605773777,1454284800000000000,False,True,False,False,False,False,False,False,False,False,False,False,True,False,False,False,1
14008146.0,19845785.85964508,1454284800000000000,False,True,False,False,False,False,False,False,False,False,False,False,False,True,False,False,1
6616800.0,7180158.368043917,1454284800000000000,False,True,False,False,False,False,False,False,False,False,False,False,False,False,True,False,1
6667527.0,18619142.995537978,1456790400000000000,False,False,True,False,False,False,False,False,False,False,False,False,True,False,False,False,1
8976100.0,19683907.912513055,1456790400000000000,False,False,True,False,False,False,False,False,False,False,False,False,False,True,False,False,1
1816678.0,18830141.73562287,1459468800000000000,False,False,False,True,False,False,False,False,False,False,False,False,True,False,False,False,1
18066534.0,19546989.896701932,1459468800000000000,False,False,False,True,False,False,False,False,False,False,False,False,False,True,False,False,1
4827151.0,7039098.034428332,1459468800000000000,False,False,False,True,False,False,False,False,False,False,False,False,False,False,True,False,1
11943750.0,18384238.525053844,1462060800000000000,False,False,False,False,True,False,False,False,False,False,False,False,True,False,False,False,1
50783760.0,19510653.969534516,1462060800000000000,False,False,False,False,True,False,False,False,False,False,False,False,False,True,False,False,1
6890000.0,7196316.885573622,1462060800000000000,False,False,False,False,True,False,False,False,False,False,False,False,False,False,True,False,1
1486000.0,18448216.9905197,1464739200000000000,False,False,False,False,False,True,False,False,False,False,False,False,True,False,False,False,1
7150088.0,19661802.107705887,1464739200000000000,False,False,False,False,False,True,False,False,False,False,False,False,False,True,False,False,1
39426041.0,18070260.713811554,1467331200000000000,False,False,False,False,False,False,True,False,False,False,False,False,True,False,False,False,1
72533348.0,19791087.90788052,1467331200000000000,False,False,False,False,False,False,True,False,False,False,False,False,False,True,False,False,1
5200000.0,7417685.0369288195,1467331200000000000,False,False,False,False,False,False,True,False,False,False,False,False,False,False,True,False,1
27615043.0,18852634.817100868,1470009600000000000,False,False,False,False,False,False,False,True,False,False,False,False,True,False,False,False,1
35824874.0,19909742.35018344,1470009600000000000,False,False,False,False,False,False,False,True,False,False,False,False,False,True,False,False,1
8962330.0,7126320.411610687,1470009600000000000,False,False,False,False,False,False,False,True,False,False,False,False,False,False,True,False,1
1974140.0,18688982.664838772,1472688000000000000,False,False,False,False,False,False,False,False,True,False,False,False,True,False,False,False,1
29602665.0,19868675.901544284,1472688000000000000,False,False,False,False,False,False,False,False,True,False,False,False,False,True,False,False,1
5400780.0,7150071.238122479,1472688000000000000,False,False,False,False,False,False,False,False,True,False,False,False,False,False,True,False,1
17671751.0,18550143.59720951,1475280000000000000,False,False,False,False,False,False,False,False,False,True,False,False,True,False,False,False,1
25613041.0,20145827.785019614,1475280000000000000,False,False,False,False,False,False,False,False,False,True,False,False,False,True,False,False,1
1272396.0,7376125.414574675,1475280000000000000,False,False,False,False,False,False,False,False,False,True,False,False,False,False,True,False,1
300000.0,18633038.95502522,1477958400000000000,False,False,False,False,False,False,False,False,False,False,True,False,True,False,False,False,1
6030500.0,18305926.76448349,1480550400000000000,False,False,False,False,False,False,False,False,False,False,False,True,True,False,False,False,1
5006440.0,19882448.599022936,1480550400000000000,False,False,False,False,False,False,False,False,False,False,False,True,False,True,False,False,1
3000000.0,7300818.122713058,1480550400000000000,False,False,False,False,False,False,False,False,False,False,False,True,False,False,True,False,1
60911490.0,18550612.641289614,1483228800000000000,True,False,False,False,False,False,False,False,False,False,False,False,True,False,False,False,1
129030846.0,19971436.002819672,1483228800000000000,True,False,False,False,False,False,False,False,False,False,False,False,False,True,False,False,1
6001866.0,7236640.222700319,1483228800000000000,True,False,False,False,False,False,False,False,False,False,False,False,False,False,True,False,1
30804902.0,18550612.641289614,1483228800000000000,True,False,False,False,False,False,False,False,False,False,False,False,False,False,False,True,1
11022888.0,24910595.636900306,1485907200000000000,False,True,False,False,False,False,False,False,False,False,False,False,True,False,False,False,1
12593650.0,26919703.557000108,1485907200000000000,False,True,False,False,False,False,False,False,False,False,False,False,False,True,False,False,1
4790000.0,14955386.38709484,1485907200000000000,False,True,False,False,False,False,False,False,False,False,False,False,False,False,True,False,1
5002676.0,24910595.636900306,1485907200000000000,False,True,False,False,False,False,False,False,False,False,False,False,False,False,False,True,1
16605218.0,18647859.769808937,1488326400000000000,False,False,True,False,False,False,False,False,False,False,False,False,True,False,False,False,1
23312647.0,21624604.21745171,1488326400000000000,False,False,True,False,False,False,False,False,False,False,False,False,False,True,False,False,1
13094598.0,8882808.87535587,1488326400000000000,False,False,True,False,False,False,False,False,False,False,False,False,False,False,True,False,1
5002341.0,18647859.769808937,1488326400000000000,False,False,True,False,False,False,False,False,False,False,False,False,False,False,False,True,1
432000.0,18820133.451234385,1491004800000000000,False,False,False,True,False,False,False,False,False,False,False,False,True,False,False,False,1
24266410.0,20934607.61262612,1491004800000000000,False,False,False,True,False,False,False,False,False,False,False,False,False,True,False,False,1
5002340.0,18820133.451234385,1491004800000000000,False,False,False,True,False,False,False,False,False,False,False,False,False,False,False,True,1
27198712.0,17723631.20249003,1493596800000000000,False,False,False,False,True,False,False,False,False,False,False,False,True,False,False,False,1
24557327.0,20825986.60916706,1493596800000000000,False,False,False,False,True,False,False,False,False,False,False,False,False,True,False,False,1
3040366.0,7946464.774298352,1493596800000000000,False,False,False,False,True,False,False,False,False,False,False,False,False,False,True,False,1
7376180.0,18495609.774911907,1496275200000000000,False,False,False,False,False,True,False,False,False,False,False,False,True,False,False,False,1
34021708.0,20384125.41700205,1496275200000000000,False,False,False,False,False,True,False,False,False,False,False,False,False,True,False,False,1
35397594.0,18257538.36841128,1498867200000000000,False,False,False,False,False,False,True,False,False,False,False,False,True,False,False,False,1
33710561.0,20312089.804320842,1498867200000000000,False,False,False,False,False,False,True,False,False,False,False,False,False,True,False,False,1
36478504.0,17995908.448351767,1501545600000000000,False,False,False,False,False,False,False,True,False,False,False,False,True,False,False,False,1
74323943.0,20929173.431599457,1501545600000000000,False,False,False,False,False,False,False,True,False,False,False,False,False,True,False,False,1
6503150.0,7925053.776563826,1501545600000000000,False,False,False,False,False,False,False,True,False,False,False,False,False,False,True,False,1
31333054.0,18653099.18443696,1504224000000000000,False,False,False,False,False,False,False,False,True,False,False,False,True,False,False,False,1
52329945.0,20725210.795515694,1504224000000000000,False,False,False,False,False,False,False,False,True,False,False,False,False,True,False,False,1
25991059.0,18653099.18443696,1504224000000000000,False,False,False,False,False,False,False,False,True,False,False,False,False,False,False,True,1
8994242.0,18633687.476937786,1506816000000000000,False,False,False,False,False,False,False,False,False,True,False,False,True,False,False,False,1
42192650.0,20864339.07395365,1506816000000000000,False,False,False,False,False,False,False,False,False,True,False,False,False,True,False,False,1
7503833.0,7599996.19850558,1506816000000000000,False,False,False,False,False,False,False,False,False,True,False,False,False,False,True,False,1
9482049.0,18633687.476937786,1506816000000000000,False,False,False,False,False,False,False,False,False,True,False,False,False,False,False,True,1
10020475.0,18335698.53591767,1509494400000000000,False,False,False,False,False,False,False,False,False,False,True,False,True,False,False,False,1
28453702.0,20647600.98481085,1509494400000000000,False,False,False,False,False,False,False,False,False,False,True,False,False,True,False,False,1
6792664.0,18335698.53591767,1509494400000000000,False,False,False,False,False,False,False,False,False,False,True,False,False,False,False,True,1
16829811.0,17963659.54102201,1512086400000000000,False,False,False,False,False,False,False,False,False,False,False,True,True,False,False,False,1
64937772.0,20993187.78754277,1512086400000000000,False,False,False,False,False,False,False,False,False,False,False,True,False,True,False,False,1
8151320.0,8020325.570606705,1512086400000000000,False,False,False,False,False,False,False,False,False,False,False,True,False,False,True,False,1
11155619.0,17963659.54102201,1512086400000000000,False,False,False,False,False,False,False,False,False,False,False,True,False,False,False,True,1
12137880.0,17813550.025553092,1514764800000000000,True,False,False,False,False,False,False,False,False,False,False,False,True,False,False,False,1
32181898.0,21679985.70606324,1514764800000000000,True,False,False,False,False,False,False,False,False,False,False,False,False,True,False,False,1
8084967.0,17813550.025553092,1514764800000000000,True,False,False,False,False,False,False,False,False,False,False,False,False,False,False,True,1
7528076.0,18259958.215077896,1517443200000000000,False,True,False,False,False,False,False,False,False,False,False,False,True,False,False,False,1
12014476.0,21135108.683284797,1517443200000000000,False,True,False,False,False,False,False,False,False,False,False,False,False,True,False,False,1
14470000.0,18259958.215077896,1517443200000000000,False,True,False,False,False,False,False,False,False,False,False,False,False,False,False,True,1
1480000.0,17674590.824602645,1519862400000000000,False,False,True,False,False,False,False,False,False,False,False,False,True,False,False,False,1
5006521.0,21362541.122248318,1519862400000000000,False,False,True,False,False,False,False,False,False,False,False,False,False,True,False,False,1
4410420.0,17674590.824602645,1519862400000000000,False,False,True,False,False,False,False,False,False,False,False,False,False,False,False,True,1
4848300.0,17778873.443724703,1522540800000000000,False,False,False,True,False,False,False,False,False,False,False,False,True,False,False,False,1
25382002.0,21418674.457699947,1522540800000000000,False,False,False,True,False,False,False,False,False,False,False,False,False,True,False,False,1
7234184.0,17163822.934635233,1525132800000000000,False,False,False,False,True,False,False,False,False,False,False,False,True,False,False,False,1
5239451.0,21687627.4093084,1525132800000000000,False,False,False,False,True,False,False,False,False,False,False,False,False,True,False,False,1
4589801.0,16603659.47257098,1527811200000000000,False,False,False,False,False,True,False,False,False,False,False,False,True,False,False,False,1
3250000.0,21798349.29537187,1527811200000000000,False,False,False,False,False,True,False,False,False,False,False,False,False,True,False,False,1
3283305.0,9009041.767600713,1527811200000000000,False,False,False,False,False,True,False,False,False,False,False,False,False,False,True,False,1
7600558.0,16603659.47257098,1527811200000000000,False,False,False,False,False,True,False,False,False,False,False,False,False,False,False,True,1
44065107.0,17354248.986819513,1530403200000000000,False,False,False,False,False,False,True,False,False,False,False,False,True,False,False,False,1
94528086.0,21126015.92208003,1530403200000000000,False,False,False,False,False,False,True,False,False,False,False,False,False,True,False,False,1
10898417.0,8341221.558127361,1530403200000000000,False,False,False,False,False,False,True,False,False,False,False,False,False,False,True,False,1
3173352.0,17354248.986819513,1530403200000000000,False,False,False,False,False,False,True,False,False,False,False,False,False,False,False,True,1
25982105.0,16927728.472820334,1533081600000000000,False,False,False,False,False,False,False,True,False,False,False,False,True,False,False,False,1
74571974.0,22039374.92148881,1533081600000000000,False,False,False,False,False,False,False,True,False,False,False,False,False,True,False,False,1
2029677.0,8934864.070681576,1533081600000000000,False,False,False,False,False,False,False,True,False,False,False,False,False,False,True,False,1
16538219.0,16927728.472820334,1533081600000000000,False,False,False,False,False,False,False,True,False,False,False,False,False,False,False,True,1
22888696.0,16611561.71684157,1535760000000000000,False,False,False,False,False,False,False,False,True,False,False,False,True,False,False,False,1
118035657.0,22198902.65544685,1535760000000000000,False,False,False,False,False,False,False,False,True,False,False,False,False,True,False,False,1
13998700.0,9156591.992797473,1535760000000000000,False,False,False,False,False,False,False,False,True,False,False,False,False,False,True,False,1
8404839.0,16611561.71684157,1535760000000000000,False,False,False,False,False,False,False,False,True,False,False,False,False,False,False,True,1
12364000.0,17491656.756805837,1538352000000000000,False,False,False,False,False,False,False,False,False,True,False,False,True,False,False,False,1
21345601.0,23271713.9482383,1538352000000000000,False,False,False,False,False,False,False,False,False,True,False,False,False,True,False,False,1
1425706.0,9977564.644385235,1538352000000000000,False,False,False,False,False,False,False,False,False,True,False,False,False,False,True,False,1
7808933.0,17491656.756805837,1538352000000000000,False,False,False,False,False,False,False,False,False,True,False,False,False,False,False,True,1
26322025.0,16435243.433566516,1541030400000000000,False,False,False,False,False,False,False,False,False,False,True,False,True,False,False,False,1
116173950.0,22915402.54992504,1541030400000000000,False,False,False,False,False,False,False,False,False,False,True,False,False,True,False,False,1
2665818.0,9413374.219075583,1541030400000000000,False,False,False,False,False,False,False,False,False,False,True,False,False,False,True,False,1
64606676.0,16435243.433566516,1541030400000000000,False,False,False,False,False,False,False,False,False,False,True,False,False,False,False,True,1
7893942.0,19894815.00487993,1543622400000000000,False,False,False,False,False,False,False,False,False,False,False,True,True,False,False,False,1
35844049.0,26923091.049113512,1543622400000000000,False,False,False,False,False,False,False,False,False,False,False,True,False,True,False,False,1
7789706.0,13908519.765883176,1543622400000000000,False,False,False,False,False,False,False,False,False,False,False,True,False,False,True,False,1
20309118.0,19894815.00487993,1543622400000000000,False,False,False,False,False,False,False,False,False,False,False,True,False,False,False,True,1
33572028.0,16656396.307756733,1546300800000000000,True,False,False,False,False,False,False,False,False,False,False,False,True,False,False,False,1
51351080.0,23137439.497764178,1546300800000000000,True,False,False,False,False,False,False,False,False,False,False,False,False,True,False,False,1
5000002.0,9489090.775766864,1546300800000000000,True,False,False,False,False,False,False,False,False,False,False,False,False,False,True,False,1
2000000.0,16656396.307756733,1546300800000000000,True,False,False,False,False,False,False,False,False,False,False,False,False,False,False,True,1
2816000.0,17177232.299698465,1548979200000000000,False,True,False,False,False,False,False,False,False,False,False,False,True,False,False,False,1
31533719.0,23367157.060577117,1548979200000000000,False,True,False,False,False,False,False,False,False,False,False,False,False,True,False,False,1
2000000.0,17177232.299698465,1548979200000000000,False,True,False,False,False,False,False,False,False,False,False,False,False,False,False,True,1
5473738.0,16624081.108906277,1551398400000000000,False,False,True,False,False,False,False,False,False,False,False,False,True,False,False,False,1
36167014.0,23915178.275261212,1551398400000000000,False,False,True,False,False,False,False,False,False,False,False,False,False,True,False,False,1
12002927.0,10276135.626693167,1551398400000000000,False,False,True,False,False,False,False,False,False,False,False,False,False,False,True,False,1
9100000.0,16809747.309148435,1554076800000000000,False,False,False,True,False,False,False,False,False,False,False,False,True,False,False,False,1
22930000.0,23715118.685794648,1554076800000000000,False,False,False,True,False,False,False,False,False,False,False,False,False,True,False,False,1
8960581.0,10053881.267507445,1554076800000000000,False,False,False,True,False,False,False,False,False,False,False,False,False,False,True,False,1
6850000.0,16058672.53279933,1556668800000000000,False,False,False,False,True,False,False,False,False,False,False,False,True,False,False,False,1
32645088.0,23695816.356823813,1556668800000000000,False,False,False,False,True,False,False,False,False,False,False,False,False,True,False,False,1
9368820.0,10034293.750534581,1556668800000000000,False,False,False,False,True,False,False,False,False,False,False,False,False,False,True,False,1
3000000.0,16058672.53279933,1556668800000000000,False,False,False,False,True,False,False,False,False,False,False,False,False,False,False,True,1
32222298.0,15022911.395406824,1559347200000000000,False,False,False,False,False,True,False,False,False,False,False,False,True,False,False,False,1
13650000.0,24489013.10326706,1559347200000000000,False,False,False,False,False,True,False,False,False,False,False,False,False,True,False,False,1
7450000.0,10715739.84733889,1559347200000000000,False,False,False,False,False,True,False,False,False,False,False,False,False,False,True,False,1
7000000.0,15022911.395406824,1559347200000000000,False,False,False,False,False,True,False,False,False,False,False,False,False,False,False,True,1
39302000.0,15773347.28486073,1561939200000000000,False,False,False,False,False,False,True,False,False,False,False,False,True,False,False,False,1
34355000.0,24022993.738380104,1561939200000000000,False,False,False,False,False,False,True,False,False,False,False,False,False,True,False,False,1
8450000.0,10281019.312142564,1561939200000000000,False,False,False,False,False,False,True,False,False,False,False,False,False,False,True,False,1
9045000.0,15773347.28486073,1561939200000000000,False,False,False,False,False,False,True,False,False,False,False,False,False,False,False,True,1
8980733.0,16469265.849319333,1564617600000000000,False,False,False,False,False,False,False,True,False,False,False,False,True,False,False,False,1
53027320.0,23138995.379330344,1564617600000000000,False,False,False,False,False,False,False,True,False,False,False,False,False,True,False,False,1
22800375.0,9526389.699307298,1564617600000000000,False,False,False,False,False,False,False,True,False,False,False,False,False,False,True,False,1
15599947.0,16469265.849319333,1564617600000000000,False,False,False,False,False,False,False,True,False,False,False,False,False,False,False,True,1
25173500.0,15671940.56852782,1567296000000000000,False,False,False,False,False,False,False,False,True,False,False,False,True,False,False,False,1
27600000.0,23990721.2460389,1567296000000000000,False,False,False,False,False,False,False,False,True,False,False,False,False,True,False,False,1
11875000.0,15671940.56852782,1567296000000000000,False,False,False,False,False,False,False,False,True,False,False,False,False,False,False,True,1
5788000.0,15703098.697790384,1569888000000000000,False,False,False,False,False,False,False,False,False,True,False,False,True,False,False,False,1
38300350.0,23796579.856428362,1569888000000000000,False,False,False,False,False,False,False,False,False,True,False,False,False,True,False,False,1
7450000.0,10282609.60245076,1569888000000000000,False,False,False,False,False,False,False,False,False,True,False,False,False,False,True,False,1
23767000.0,15703098.697790384,1569888000000000000,False,False,False,False,False,False,False,False,False,True,False,False,False,False,False,True,1
41466393.0,15533412.689899206,1572566400000000000,False,False,False,False,False,False,False,False,False,False,True,False,True,False,False,False,1
102762671.0,24065466.744996764,1572566400000000000,False,False,False,False,False,False,False,False,False,False,True,False,False,True,False,False,1
27216752.0,10406835.226288259,1572566400000000000,False,False,False,False,False,False,False,False,False,False,True,False,False,False,True,False,1
30233000.0,15533412.689899206,1572566400000000000,False,False,False,False,False,False,False,False,False,False,True,False,False,False,False,True,1
5500000.0,15301715.79877036,1575158400000000000,False,False,False,False,False,False,False,False,False,False,False,True,True,False,False,False,1
42666000.0,24915007.968409408,1575158400000000000,False,False,False,False,False,False,False,False,False,False,False,True,False,True,False,False,1
2650000.0,10983506.786520816,1575158400000000000,False,False,False,False,False,False,False,False,False,False,False,True,False,False,True,False,1
42160700.0,15301715.79877036,1575158400000000000,False,False,False,False,False,False,False,False,False,False,False,True,False,False,False,True,1
30491786.0,15466025.46709381,1577836800000000000,True,False,False,False,False,False,False,False,False,False,False,False,True,False,False,False,1
14020000.0,24958379.361949783,1577836800000000000,True,False,False,False,False,False,False,False,False,False,False,False,False,True,False,False,1
13800000.0,11037255.256711962,1577836800000000000,True,False,False,False,False,False,False,False,False,False,False,False,False,False,True,False,1
31696000.0,15466025.46709381,1577836800000000000,True,False,False,False,False,False,False,False,False,False,False,False,False,False,False,True,1
2148800.0,15424529.221749399,1580515200000000000,False,True,False,False,False,False,False,False,False,False,False,False,True,False,False,False,1
24200000.0,25003378.880869694,1580515200000000000,False,True,False,False,False,False,False,False,False,False,False,False,False,True,False,False,1
8200380.0,11085874.134094885,1580515200000000000,False,True,False,False,False,False,False,False,False,False,False,False,False,False,True,False,1
18981700.0,15424529.221749399,1580515200000000000,False,True,False,False,False,False,False,False,False,False,False,False,False,False,False,True,1
7548800.0,16078750.324193731,1583020800000000000,False,False,True,False,False,False,False,False,False,False,False,False,True,False,False,False,1
4700000.0,24004183.371302333,1583020800000000000,False,False,True,False,False,False,False,False,False,False,False,False,False,True,False,False,1
4000000.0,10402295.534026945,1583020800000000000,False,False,True,False,False,False,False,False,False,False,False,False,False,False,True,False,1
1039400.0,16078750.324193731,1583020800000000000,False,False,True,False,False,False,False,False,False,False,False,False,False,False,False,True,1
4942900.0,15107273.80962327,1585699200000000000,False,False,False,True,False,False,False,False,False,False,False,False,True,False,False,False,1
3000000.0,24809383.2451029,1585699200000000000,False,False,False,True,False,False,False,False,False,False,False,False,False,True,False,False,1
6400000.0,11092303.599263642,1585699200000000000,False,False,False,True,False,False,False,False,False,False,False,False,False,False,True,False,1
4750614.0,15107273.80962327,1585699200000000000,False,False,False,True,False,False,False,False,False,False,False,False,False,False,False,True,1
30273100.0,15516840.884024344,1588291200000000000,False,False,False,False,True,False,False,False,False,False,False,False,True,False,False,False,1
7605000.0,24432363.057551242,1588291200000000000,False,False,False,False,True,False,False,False,False,False,False,False,False,True,False,False,1
14571400.0,15516840.884024344,1588291200000000000,False,False,False,False,True,False,False,False,False,False,False,False,False,False,False,True,1
45374708.0,15646502.954789769,1590969600000000000,False,False,False,False,False,True,False,False,False,False,False,False,True,False,False,False,1
59787000.0,24260201.47930934,1590969600000000000,False,False,False,False,False,True,False,False,False,False,False,False,False,True,False,False,1
11725000.0,10685259.635755597,1590969600000000000,False,False,False,False,False,True,False,False,False,False,False,False,False,False,True,False,1
21006800.0,15646502.954789769,1590969600000000000,False,False,False,False,False,True,False,False,False,False,False,False,False,False,False,True,1
10544000.0,15922229.086792426,1593561600000000000,False,False,False,False,False,False,True,False,False,False,False,False,True,False,False,False,1
31280000.0,24275662.495851852,1593561600000000000,False,False,False,False,False,False,True,False,False,False,False,False,False,True,False,False,1
8075470.0,10579543.447751226,1593561600000000000,False,False,False,False,False,False,True,False,False,False,False,False,False,False,True,False,1
9461570.0,15922229.086792426,1593561600000000000,False,False,False,False,False,False,True,False,False,False,False,False,False,False,False,True,1
10404010.0,14942919.931496866,1596240000000000000,False,False,False,False,False,False,False,True,False,False,False,False,True,False,False,False,1
21776190.0,25159516.20866551,1596240000000000000,False,False,False,False,False,False,False,True,False,False,False,False,False,True,False,False,1
8112844.0,11362598.893629296,1596240000000000000,False,False,False,False,False,False,False,True,False,False,False,False,False,False,True,False,1
29400000.0,14942919.931496866,1596240000000000000,False,False,False,False,False,False,False,True,False,False,False,False,False,False,False,True,1
16840385.0,15338439.684703717,1598918400000000000,False,False,False,False,False,False,False,False,True,False,False,False,True,False,False,False,1
52045140.0,24653364.159323864,1598918400000000000,False,False,False,False,False,False,False,False,True,False,False,False,False,True,False,False,1
7903660.0,11084514.005518785,1598918400000000000,False,False,False,False,False,False,False,False,True,False,False,False,False,False,True,False,1
19876817.0,15338439.684703717,1598918400000000000,False,False,False,False,False,False,False,False,True,False,False,False,False,False,False,True,1
2575200.0,15158886.66170854,1601510400000000000,False,False,False,False,False,False,False,False,False,True,False,False,True,False,False,False,1
21793000.0,25189459.60622558,1601510400000000000,False,False,False,False,False,False,False,False,False,True,False,False,False,True,False,False,1
21472010.0,11278596.145088479,1601510400000000000,False,False,False,False,False,False,False,False,False,True,False,False,False,False,True,False,1
22850165.0,15158886.66170854,1601510400000000000,False,False,False,False,False,False,False,False,False,True,False,False,False,False,False,True,1
26296040.0,15428693.834459126,1604188800000000000,False,False,False,False,False,False,False,False,False,False,True,False,True,False,False,False,1
104027960.0,24483394.08211104,1604188800000000000,False,False,False,False,False,False,False,False,False,False,True,False,False,True,False,False,1
16642390.0,10984712.016916208,1604188800000000000,False,False,False,False,False,False,False,False,False,False,True,False,False,False,True,False,1
64404000.0,15428693.834459126,1604188800000000000,False,False,False,False,False,False,False,False,False,False,True,False,False,False,False,True,1
25162960.0,15684989.20508153,1606780800000000000,False,False,False,False,False,False,False,False,False,False,False,True,True,False,False,False,1
15000000.0,24993388.11137259,1606780800000000000,False,False,False,False,False,False,False,False,False,False,False,True,False,True,False,False,1
12600000.0,11144725.425958693,1606780800000000000,False,False,False,False,False,False,False,False,False,False,False,True,False,False,True,False,1
13047030.0,15684989.20508153,1606780800000000000,False,False,False,False,False,False,False,False,False,False,False,True,False,False,False,True,1
22662120.0,15566328.673016775,1609459200000000000,True,False,False,False,False,False,False,False,False,False,False,False,True,False,False,False,1
25744000.0,24896253.1781956,1609459200000000000,True,False,False,False,False,False,False,False,False,False,False,False,False,True,False,False,1
32282007.0,11245968.42796606,1609459200000000000,True,False,False,False,False,False,False,False,False,False,False,False,False,False,True,False,1
26627540.0,15566328.673016775,1609459200000000000,True,False,False,False,False,False,False,False,False,False,False,False,False,False,False,True,1
10765000.0,15473679.839298725,1612137600000000000,False,True,False,False,False,False,False,False,False,False,False,False,True,False,False,False,1
30459080.0,25082268.614981055,1612137600000000000,False,True,False,False,False,False,False,False,False,False,False,False,False,True,False,False,1
6215310.0,15473679.839298725,1612137600000000000,False,True,False,False,False,False,False,False,False,False,False,False,False,False,False,True,1
34419670.0,15403157.760492122,1614556800000000000,False,False,True,False,False,False,False,False,False,False,False,False,True,False,False,False,1
62534550.0,25261068.054561272,1614556800000000000,False,False,True,False,False,False,False,False,False,False,False,False,False,True,False,False,1
27003316.0,11537127.448834214,1614556800000000000,False,False,True,False,False,False,False,False,False,False,False,False,False,False,True,False,1
41754050.0,15403157.760492122,1614556800000000000,False,False,True,False,False,False,False,False,False,False,False,False,False,False,False,True,1
18480294.0,15244117.736935694,1617235200000000000,False,False,False,True,False,False,False,False,False,False,False,False,True,False,False,False,1
14326080.0,25523083.03919942,1617235200000000000,False,False,False,True,False,False,False,False,False,False,False,False,False,True,False,False,1
17962837.0,11912349.655522728,1617235200000000000,False,False,False,True,False,False,False,False,False,False,False,False,False,False,True,False,1
23962081.0,15244117.736935694,1617235200000000000,False,False,False,True,False,False,False,False,False,False,False,False,False,False,False,True,1
11997530.0,15592582.160894072,1619827200000000000,False,False,False,False,True,False,False,False,False,False,False,False,True,False,False,False,1
17530560.0,25326756.759489454,1619827200000000000,False,False,False,False,True,False,False,False,False,False,False,False,False,True,False,False,1
8408482.0,11602560.005944327,1619827200000000000,False,False,False,False,True,False,False,False,False,False,False,False,False,False,True,False,1
30450702.0,15592582.160894072,1619827200000000000,False,False,False,False,True,False,False,False,False,False,False,False,False,False,False,True,1
11733980.0,15986021.543555021,1622505600000000000,False,False,False,False,False,True,False,False,False,False,False,False,True,False,False,False,1
18017230.0,24988831.869281597,1622505600000000000,False,False,False,False,False,True,False,False,False,False,False,False,False,True,False,False,1
2864410.0,11287305.977309823,1622505600000000000,False,False,False,False,False,True,False,False,False,False,False,False,False,False,True,False,1
18678120.0,15986021.543555021,1622505600000000000,False,False,False,False,False,True,False,False,False,False,False,False,False,False,False,True,1
21281650.0,16153429.004343228,1625097600000000000,False,False,False,False,False,False,True,False,False,False,False,False,True,False,False,False,1
30727000.0,24658548.895378307,1625097600000000000,False,False,False,False,False,False,True,False,False,False,False,False,False,True,False,False,1
10915031.0,11217219.120385673,1625097600000000000,False,False,False,False,False,False,True,False,False,False,False,False,False,False,True,False,1
11937000.0,16153429.004343228,1625097600000000000,False,False,False,False,False,False,True,False,False,False,False,False,False,False,False,True,1
29352510.0,15958258.421130564,1627776000000000000,False,False,False,False,False,False,False,True,False,False,False,False,True,False,False,False,1
37245000.0,24741465.518370513,1627776000000000000,False,False,False,False,False,False,False,True,False,False,False,False,False,True,False,False,1
7900263.0,11259815.842020102,1627776000000000000,False,False,False,False,False,False,False,True,False,False,False,False,False,False,True,False,1
11865000.0,15958258.421130564,1627776000000000000,False,False,False,False,False,False,False,True,False,False,False,False,False,False,False,True,1
16144000.0,16430469.074595608,1630454400000000000,False,False,False,False,False,False,False,False,True,False,False,False,True,False,False,False,1
44823530.0,24366349.7254991,1630454400000000000,False,False,False,False,False,False,False,False,True,False,False,False,False,True,False,False,1
13441785.0,10841136.854187736,1630454400000000000,False,False,False,False,False,False,False,False,True,False,False,False,False,False,True,False,1
8604800.0,16430469.074595608,1630454400000000000,False,False,False,False,False,False,False,False,True,False,False,False,False,False,False,True,1
20644261.0,15641313.044614393,1633046400000000000,False,False,False,False,False,False,False,False,False,True,False,False,True,False,False,False,1
30380690.0,25483676.217997503,1633046400000000000,False,False,False,False,False,False,False,False,False,True,False,False,False,True,False,False,1
6250000.0,11825297.804736149,1633046400000000000,False,False,False,False,False,False,False,False,False,True,False,False,False,False,True,False,1
17851248.0,15641313.044614393,1633046400000000000,False,False,False,False,False,False,False,False,False,True,False,False,False,False,False,True,1
26993017.0,15869264.221421508,1635724800000000000,False,False,False,False,False,False,False,False,False,False,True,False,True,False,False,False,1
96803720.0,25310061.34544675,1635724800000000000,False,False,False,False,False,False,False,False,False,False,True,False,False,True,False,False,1
28213920.0,15977114.518796485,1638316800000000000,False,False,False,False,False,False,False,False,False,False,False,True,True,False,False,False,1
51541887.0,25094124.055595927,1638316800000000000,False,False,False,False,False,False,False,False,False,False,False,True,False,True,False,False,1
18000000.0,11467954.069338705,1638316800000000000,False,False,False,False,False,False,False,False,False,False,False,True,False,False,True,False,1
6335000.0,15977114.518796485,1638316800000000000,False,False,False,False,False,False,False,False,False,False,False,True,False,False,False,True,1
7602610.0,15222689.145456154,1640995200000000000,True,False,False,False,False,False,False,False,False,False,False,False,True,False,False,False,1
74257790.0,26011094.76425311,1640995200000000000,True,False,False,False,False,False,False,False,False,False,False,False,False,True,False,False,1
15900000.0,12251042.429569226,1640995200000000000,True,False,False,False,False,False,False,False,False,False,False,False,False,False,True,False,1
19004843.0,15222689.145456154,1640995200000000000,True,False,False,False,False,False,False,False,False,False,False,False,False,False,False,True,1
3296000.0,14982343.064535914,1643673600000000000,False,True,False,False,False,False,False,False,False,False,False,False,True,False,False,False,1
28116669.0,26318431.19804091,1643673600000000000,False,True,False,False,False,False,False,False,False,False,False,False,False,True,False,False,1
3598229.0,12374545.648763632,1643673600000000000,False,True,False,False,False,False,False,False,False,False,False,False,False,False,True,False,1
24498000.0,14539176.588050792,1646092800000000000,False,False,True,False,False,False,False,False,False,False,False,False,True,False,False,False,1
60942901.0,26515113.91347194,1646092800000000000,False,False,True,False,False,False,False,False,False,False,False,False,False,True,False,False,1
21071000.0,12700381.425998194,1646092800000000000,False,False,True,False,False,False,False,False,False,False,False,False,False,False,True,False,1
16501390.0,14539176.588050792,1646092800000000000,False,False,True,False,False,False,False,False,False,False,False,False,False,False,False,True,1
28783450.0,14676964.577170959,1648771200000000000,False,False,False,True,False,False,False,False,False,False,False,False,True,False,False,False,1
53101926.0,26831440.47155643,1648771200000000000,False,False,False,True,False,False,False,False,False,False,False,False,False,True,False,False,1
4000000.0,12622592.99818349,1648771200000000000,False,False,False,True,False,False,False,False,False,False,False,False,False,False,True,False,1
9185814.0,14676964.577170959,1648771200000000000,False,False,False,True,False,False,False,False,False,False,False,False,False,False,False,True,1
47939520.0,14675485.770847278,1651363200000000000,False,False,False,False,True,False,False,False,False,False,False,False,True,False,False,False,1
88811376.0,27033899.3713642,1651363200000000000,False,False,False,False,True,False,False,False,False,False,False,False,False,True,False,False,1
26725120.0,12896149.861841852,1651363200000000000,False,False,False,False,True,False,False,False,False,False,False,False,False,False,True,False,1
46801060.0,14675485.770847278,1651363200000000000,False,False,False,False,True,False,False,False,False,False,False,False,False,False,False,True,1
40190973.0,14700237.848575508,1654041600000000000,False,False,False,False,False,True,False,False,False,False,False,False,True,False,False,False,1
80033240.0,27161715.684668355,1654041600000000000,False,False,False,False,False,True,False,False,False,False,False,False,False,True,False,False,1
35026280.0,12911647.02396723,1654041600000000000,False,False,False,False,False,True,False,False,False,False,False,False,False,False,True,False,1
8200000.0,14700237.848575508,1654041600000000000,False,False,False,False,False,True,False,False,False,False,False,False,False,False,False,True,1
7593010.0,14957823.65414554,1656633600000000000,False,False,False,False,False,False,True,False,False,False,False,False,True,False,False,False,1
84173928.0,27442116.30036667,1656633600000000000,False,False,False,False,False,False,True,False,False,False,False,False,False,True,False,False,1
36300000.0,12884651.928368041,1656633600000000000,False,False,False,False,False,False,True,False,False,False,False,False,False,False,True,False,1
25900000.0,14957823.65414554,1656633600000000000,False,False,False,False,False,False,True,False,False,False,False,False,False,False,False,True,1
33506000.0,14498767.479749495,1659312000000000000,False,False,False,False,False,False,False,True,False,False,False,False,True,False,False,False,1
51083060.0,27837068.49608832,1659312000000000000,False,False,False,False,False,False,False,True,False,False,False,False,False,True,False,False,1
8150000.0,13401880.769317105,1659312000000000000,False,False,False,False,False,False,False,True,False,False,False,False,False,False,True,False,1
13503460.0,14498767.479749495,1659312000000000000,False,False,False,False,False,False,False,True,False,False,False,False,False,False,False,True,1
22148442.0,14304916.950622234,1661990400000000000,False,False,False,False,False,False,False,False,True,False,False,False,True,False,False,False,1
42864096.0,27907896.555615667,1661990400000000000,False,False,False,False,False,False,False,False,True,False,False,False,False,True,False,False,1
6295000.0,13633205.825194411,1661990400000000000,False,False,False,False,False,False,False,False,True,False,False,False,False,False,True,False,1
1700000.0,14304916.950622234,1661990400000000000,False,False,False,False,False,False,False,False,True,False,False,False,False,False,False,True,1
5812086.0,14841271.159272145,1664582400000000000,False,False,False,False,False,False,False,False,False,True,False,False,True,False,False,False,1
27228398.0,27868298.40140757,1664582400000000000,False,False,False,False,False,False,False,False,False,True,False,False,False,True,False,False,1
26300000.0,13206698.426145636,1664582400000000000,False,False,False,False,False,False,False,False,False,True,False,False,False,False,True,False,1
20400000.0,14841271.159272145,1664582400000000000,False,False,False,False,False,False,False,False,False,True,False,False,False,False,False,True,1
13645400.0,14342537.840161163,1667260800000000000,False,False,False,False,False,False,False,False,False,False,True,False,True,False,False,False,1
43310276.0,27780308.43300333,1667260800000000000,False,False,False,False,False,False,False,False,False,False,True,False,False,True,False,False,1
10814840.0,13392852.247661993,1667260800000000000,False,False,False,False,False,False,False,False,False,False,True,False,False,False,True,False,1
30117180.0,14342537.840161163,1667260800000000000,False,False,False,False,False,False,False,False,False,False,True,False,False,False,False,True,1
3178400.0,14305547.42059772,1669852800000000000,False,False,False,False,False,False,False,False,False,False,False,True,True,False,False,False,1
19672792.0,28134240.553343643,1669852800000000000,False,False,False,False,False,False,False,False,False,False,False,True,False,True,False,False,1
38650000.0,13749042.967352634,1669852800000000000,False,False,False,False,False,False,False,False,False,False,False,True,False,False,True,False,1
2100000.0,14305547.42059772,1669852800000000000,False,False,False,False,False,False,False,False,False,False,False,True,False,False,False,True,1
16334503.0,14484013.78252477,1672531200000000000,True,False,False,False,False,False,False,False,False,False,False,False,True,False,False,False,1
47831839.0,28027566.199918225,1672531200000000000,True,False,False,False,False,False,False,False,False,False,False,False,False,True,False,False,1
5650000.0,13511719.257450847,1672531200000000000,True,False,False,False,False,False,False,False,False,False,False,False,False,False,True,False,1
21715045.0,14484013.78252477,1672531200000000000,True,False,False,False,False,False,False,False,False,False,False,False,False,False,False,True,1
25901100.0,14390343.940132422,1675209600000000000,False,True,False,False,False,False,False,False,False,False,False,False,True,False,False,False,1
14051459.0,27938567.044320017,1675209600000000000,False,True,False,False,False,False,False,False,False,False,False,False,False,True,False,False,1
3300000.0,13622655.919732263,1675209600000000000,False,True,False,False,False,False,False,False,False,False,False,False,False,False,True,False,1
24218685.0,14535074.321579805,1677628800000000000,False,False,True,False,False,False,False,False,False,False,False,False,True,False,False,False,1
5000000.0,28529890.6966574,1677628800000000000,False,False,True,False,False,False,False,False,False,False,False,False,False,True,False,False,1
41342560.0,13541208.841378644,1677628800000000000,False,False,True,False,False,False,False,False,False,False,False,False,False,False,True,False,1
31000000.0,14535074.321579805,1677628800000000000,False,False,True,False,False,False,False,False,False,False,False,False,False,False,False,True,1
22836578.0,14810452.186402803,1680307200000000000,False,False,False,True,False,False,False,False,False,False,False,False,True,False,False,False,1
53518228.0,27596059.490135673,1680307200000000000,False,False,False,True,False,False,False,False,False,False,False,False,False,True,False,False,1
11800000.0,13376097.821686625,1680307200000000000,False,False,False,True,False,False,False,False,False,False,False,False,False,False,True,False,1
37325254.0,14810452.186402803,1680307200000000000,False,False,False,True,False,False,False,False,False,False,False,False,False,False,False,True,1
8550923.0,14524227.845724883,1682899200000000000,False,False,False,False,True,False,False,False,False,False,False,False,True,False,False,False,1
58814676.0,28342415.203469526,1682899200000000000,False,False,False,False,True,False,False,False,False,False,False,False,False,True,False,False,1
22605098.0,13863233.894476807,1682899200000000000,False,False,False,False,True,False,False,False,False,False,False,False,False,False,True,False,1
36008475.0,14322877.934307314,1685577600000000000,False,False,False,False,False,True,False,False,False,False,False,False,True,False,False,False,1
63835431.0,28399110.62974916,1685577600000000000,False,False,False,False,False,True,False,False,False,False,False,False,False,True,False,False,1
60699616.0,13922069.78548696,1685577600000000000,False,False,False,False,False,True,False,False,False,False,False,False,False,False,True,False,1
37231377.0,14322877.934307314,1685577600000000000,False,False,False,False,False,True,False,False,False,False,False,False,False,False,False,True,1
26499722.0,14650578.4982211,1688169600000000000,False,False,False,False,False,False,True,False,False,False,False,False,True,False,False,False,1
93727020.0,28373322.840375736,1688169600000000000,False,False,False,False,False,False,True,False,False,False,False,False,False,True,False,False,1
26420845.0,13862353.873455748,1688169600000000000,False,False,False,False,False,False,True,False,False,False,False,False,False,False,True,False,1
3101138.0,14650578.4982211,1688169600000000000,False,False,False,False,False,False,True,False,False,False,False,False,False,False,False,True,1
16676671.0,14431676.935983682,1690848000000000000,False,False,False,False,False,False,False,True,False,False,False,False,True,False,False,False,1
37734795.0,28811540.76345366,1690848000000000000,False,False,False,False,False,False,False,True,False,False,False,False,False,True,False,False,1
4000000.0,14176847.224932706,1690848000000000000,False,False,False,False,False,False,False,True,False,False,False,False,False,False,True,False,1
10500000.0,14431676.935983682,1690848000000000000,False,False,False,False,False,False,False,True,False,False,False,False,False,False,False,True,1
23565051.0,14286530.842896916,1693526400000000000,False,False,False,False,False,False,False,False,True,False,False,False,True,False,False,False,1
73775000.0,29038905.50036366,1693526400000000000,False,False,False,False,False,False,False,False,True,False,False,False,False,True,False,False,1
3024113.0,14159799.233584156,1693526400000000000,False,False,False,False,False,False,False,False,True,False,False,False,False,False,True,False,1
51600979.0,14286530.842896916,1693526400000000000,False,False,False,False,False,False,False,False,True,False,False,False,False,False,False,True,1
14575000.0,14777365.412472162,1696118400000000000,False,False,False,False,False,False,False,False,False,True,False,False,True,False,False,False,1
37437366.0,28721682.042363457,1696118400000000000,False,False,False,False,False,False,False,False,False,True,False,False,False,True,False,False,1
114787510.0,13928116.069908049,1696118400000000000,False,False,False,False,False,False,False,False,False,True,False,False,False,False,True,False,1
34250250.0,14777365.412472162,1696118400000000000,False,False,False,False,False,False,False,False,False,True,False,False,False,False,False,True,1
17349500.0,14685277.256368704,1698796800000000000,False,False,False,False,False,False,False,False,False,False,True,False,True,False,False,False,1
40455684.0,29259554.240402546,1698796800000000000,False,False,False,False,False,False,False,False,False,False,True,False,False,True,False,False,1
13047165.0,14685277.256368704,1698796800000000000,False,False,False,False,False,False,False,False,False,False,True,False,False,False,False,True,1
47248382.0,14910560.959953941,1701388800000000000,False,False,False,False,False,False,False,False,False,False,False,True,True,False,False,False,1
18978039.0,29238887.93537015,1701388800000000000,False,False,False,False,False,False,False,False,False,False,False,True,False,True,False,False,1
11000000.0,14494828.879585981,1701388800000000000,False,False,False,False,False,False,False,False,False,False,False,True,False,False,True,False,1
17000000.0,14910560.959953941,1701388800000000000,False,False,False,False,False,False,False,False,False,False,False,True,False,False,False,True,1
3588000.0,14849033.395715725,1704067200000000000,True,False,False,False,False,False,False,False,False,False,False,False,True,False,False,False,1
24243586.0,29391617.674106408,1704067200000000000,True,False,False,False,False,False,False,False,False,False,False,False,False,True,False,False,1
31200840.0,14705514.82488932,1704067200000000000,True,False,False,False,False,False,False,False,False,False,False,False,False,False,True,False,1
17000000.0,14849033.395715725,1704067200000000000,True,False,False,False,False,False,False,False,False,False,False,False,False,False,False,True,1
37526905.0,14635865.725894159,1706745600000000000,False,True,False,False,False,False,False,False,False,False,False,False,True,False,False,False,1
50147519.0,29153188.859887995,1706745600000000000,False,True,False,False,False,False,False,False,False,False,False,False,False,True,False,False,1
4400000.0,14502247.518270845,1706745600000000000,False,True,False,False,False,False,False,False,False,False,False,False,False,False,True,False,1
8210200.0,14811375.535943856,1709251200000000000,False,False,True,False,False,False,False,False,False,False,False,False,True,False,False,False,1
59842668.0,29210275.105987784,1709251200000000000,False,False,True,False,False,False,False,False,False,False,False,False,False,True,False,False,1
19174534.0,14673902.27597382,1709251200000000000,False,False,True,False,False,False,False,False,False,False,False,False,False,False,True,False,1
22546078.0,14811375.535943856,1709251200000000000,False,False,True,False,False,False,False,False,False,False,False,False,False,False,False,True,1
59518787.0,14677606.966105139,1711929600000000000,False,False,False,True,False,False,False,False,False,False,False,False,True,False,False,False,1
71432266.0,29286245.256449655,1711929600000000000,False,False,False,True,False,False,False,False,False,False,False,False,False,True,False,False,1
20700000.0,14536594.355988432,1711929600000000000,False,False,False,True,False,False,False,False,False,False,False,False,False,False,True,False,1
49421774.0,14677606.966105139,1711929600000000000,False,False,False,True,False,False,False,False,False,False,False,False,False,False,False,True,1
28024034.0,14867470.471578676,1714521600000000000,False,False,False,False,True,False,False,False,False,False,False,False,True,False,False,False,1
156108131.0,29325216.218283743,1714521600000000000,False,False,False,False,True,False,False,False,False,False,False,False,False,True,False,False,1
42875000.0,14601410.023559272,1714521600000000000,False,False,False,False,True,False,False,False,False,False,False,False,False,False,True,False,1
28007113.0,14867470.471578676,1714521600000000000,False,False,False,False,True,False,False,False,False,False,False,False,False,False,False,True,1
