"Ano";"Mês";"UF do Produto";"Países";"Via";"URF";"Código NCM";"Descrição NCM";"Valor US$ FOB";"US$ Frete";"US$ Seguro";"Quilograma Líquido"
"2024";"06. Junho";"Bahia";"Argélia";"MARITIMA";"0517800 - ALF - SALVADOR";"31021010";"Ureia, mesmo em solução aquosa, com teor de nitrogênio (azoto) superior a 45 %, em peso, calculado sobre o produto anidro no estado seco";"166630";"10625";"0";"500000"
"2024";"06. Junho";"Bahia";"Canadá";"MARITIMA";"0517800 - ALF - SALVADOR";"31042010";"Cloreto de potássio, com teor de óxido de potássio (K2O) não superior a 60 %, em peso";"1216381";"213975";"923";"3172083"
"2024";"06. Junho";"Bahia";"Canadá";"MARITIMA";"0517800 - ALF - SALVADOR";"31042090";"Outros cloretos de potássio";"12673587";"2024247";"8470";"47243121"
"2024";"06. Junho";"Bahia";"Catar";"MARITIMA";"0517800 - ALF - SALVADOR";"31021010";"Ureia, mesmo em solução aquosa, com teor de nitrogênio (azoto) superior a 45 %, em peso, calculado sobre o produto anidro no estado seco";"1204301";"90999";"0";"3499959"
"2024";"06. Junho";"Bahia";"Chile";"MARITIMA";"0517800 - ALF - SALVADOR";"31059090";"Outros adubos/fertilizantes minerais químicos com nitrogênio e potássio";"3379753";"110903";"3932";"4000800"
"2024";"06. Junho";"Bahia";"China";"MARITIMA";"0517800 - ALF - SALVADOR";"31022100";"Sulfato de amônio";"2587929";"342072";"1608";"16050000"
"2024";"06. Junho";"Bahia";"China";"MARITIMA";"0517800 - ALF - SALVADOR";"31026000";"Sais duplos e misturas de nitrato de cálcio e nitrato de amônio";"707275";"163893";"624";"2515650"
"2024";"06. Junho";"Bahia";"China";"MARITIMA";"0517800 - ALF - SALVADOR";"31056000";"Adubos (fertilizantes) minerais ou químicos, que contenham os dois elementos fertilizantes: fósforo e potássio";"238462";"18795";"208";"200200"
"2024";"06. Junho";"Bahia";"China";"MARITIMA";"0517800 - ALF - SALVADOR";"31059090";"Outros adubos/fertilizantes minerais químicos com nitrogênio e potássio";"101082";"5800";"118";"20000"
"2024";"06. Junho";"Bahia";"Egito";"MARITIMA";"0517800 - ALF - SALVADOR";"31021010";"Ureia, mesmo em solução aquosa, com teor de nitrogênio (azoto) superior a 45 %, em peso, calculado sobre o produto anidro no estado seco";"329149";"22910";"0";"812000"
"2024";"06. Junho";"Bahia";"Egito";"MARITIMA";"0517800 - ALF - SALVADOR";"31031900";"Outros superfosfatos";"10202960";"1492614";"5857";"58037383"
"2024";"06. Junho";"Bahia";"Egito";"MARITIMA";"0517800 - ALF - SALVADOR";"31043010";"Sulfato de potássio, com teor de óxido de potássio (K2O) não superior a 52 %, em peso";"83170";"3350";"26";"120000"
"2024";"06. Junho";"Bahia";"Emirados Árabes Unidos";"MARITIMA";"0517800 - ALF - SALVADOR";"31021010";"Ureia, mesmo em solução aquosa, com teor de nitrogênio (azoto) superior a 45 %, em peso, calculado sobre o produto anidro no estado seco";"259400";"12200";"0";"560000"
"2024";"06. Junho";"Bahia";"Espanha";"MARITIMA";"0517800 - ALF - SALVADOR";"31023000";"Nitrato de amônio, mesmo em solução aquosa";"59368";"912";"49";"88000"
"2024";"06. Junho";"Bahia";"Israel";"MARITIMA";"0517800 - ALF - SALVADOR";"31042090";"Outros cloretos de potássio";"1718922";"257898";"2227";"7010000"
"2024";"06. Junho";"Bahia";"Israel";"MARITIMA";"0517800 - ALF - SALVADOR";"31052000";"Adubos (fertilizantes) minerais ou químicos, que contenham os três elementos fertilizantes: nitrogênio (azoto), fósforo e potássio";"259174";"5550";"331";"264000"
"2024";"06. Junho";"Bahia";"Israel";"MARITIMA";"0817800 - PORTO DE SANTOS";"31056000";"Adubos (fertilizantes) minerais ou químicos, que contenham os dois elementos fertilizantes: fósforo e potássio";"107534";"1625";"137";"72000"
"2024";"06. Junho";"Bahia";"Lituânia";"MARITIMA";"0517800 - ALF - SALVADOR";"31055900";"Outros adubos/fertilizantes minerais químicos, com nitrogênio e fósforo";"3540000";"203750";"1692";"5000000"
"2024";"06. Junho";"Bahia";"Marrocos";"MARITIMA";"0517800 - ALF - SALVADOR";"31031100";"Superfosfatos, que contenham, em peso, 35 % ou mais de pentóxido de difósforo (P2O5)";"1192650";"80100";"2116";"3000000"
"2024";"06. Junho";"Bahia";"Marrocos";"MARITIMA";"0517800 - ALF - SALVADOR";"31054000";"Diidrogeno-ortofosfato de amônio (fosfato monoamônico ou monoamoniacal), mesmo misturado com hidrogeno-ortofosfato de diamônio (fosfato diamônico ou diamoniacal)";"7441329";"326051";"12313";"13292000"
"2024";"06. Junho";"Bahia";"Marrocos";"MARITIMA";"0520100 - ARACAJU";"31054000";"Diidrogeno-ortofosfato de amônio (fosfato monoamônico ou monoamoniacal), mesmo misturado com hidrogeno-ortofosfato de diamônio (fosfato diamônico ou diamoniacal)";"2915000";"192500";"5166";"5500000"
"2024";"06. Junho";"Bahia";"Noruega";"MARITIMA";"0517800 - ALF - SALVADOR";"31026000";"Sais duplos e misturas de nitrato de cálcio e nitrato de amônio";"520192";"72489";"180";"2520000"
"2024";"06. Junho";"Bahia";"Omã";"MARITIMA";"0517800 - ALF - SALVADOR";"31021010";"Ureia, mesmo em solução aquosa, com teor de nitrogênio (azoto) superior a 45 %, em peso, calculado sobre o produto anidro no estado seco";"1773153";"108000";"850";"4500365"
"2024";"06. Junho";"Bahia";"Portugal";"MARITIMA";"0517800 - ALF - SALVADOR";"31052000";"Adubos (fertilizantes) minerais ou químicos, que contenham os três elementos fertilizantes: nitrogênio (azoto), fósforo e potássio";"162566";"1104";"864";"157640"
"2024";"06. Junho";"Bahia";"Rússia";"MARITIMA";"0517800 - ALF - SALVADOR";"31021010";"Ureia, mesmo em solução aquosa, com teor de nitrogênio (azoto) superior a 45 %, em peso, calculado sobre o produto anidro no estado seco";"4095070";"456695";"2469";"13324000"
"2024";"06. Junho";"Bahia";"Rússia";"MARITIMA";"0517800 - ALF - SALVADOR";"31026000";"Sais duplos e misturas de nitrato de cálcio e nitrato de amônio";"72160";"2900";"0";"135000"
"2024";"06. Junho";"Bahia";"Rússia";"MARITIMA";"0517800 - ALF - SALVADOR";"31042090";"Outros cloretos de potássio";"18250098";"3034215";"8486";"68306307"
"2024";"06. Junho";"Bahia";"Rússia";"MARITIMA";"0517800 - ALF - SALVADOR";"31054000";"Diidrogeno-ortofosfato de amônio (fosfato monoamônico ou monoamoniacal), mesmo misturado com hidrogeno-ortofosfato de diamônio (fosfato diamônico ou diamoniacal)";"1333498";"140195";"0";"2558717"
"2024";"06. Junho";"Bahia";"Tcheca, República";"MARITIMA";"0517800 - ALF - SALVADOR";"31026000";"Sais duplos e misturas de nitrato de cálcio e nitrato de amônio";"188704";"2312";"152";"528000"
"2024";"06. Junho";"Bahia";"Turquia";"MARITIMA";"0517800 - ALF - SALVADOR";"31059090";"Outros adubos/fertilizantes minerais químicos com nitrogênio e potássio";"102831";"3180";"69";"126000"
"2024";"06. Junho";"Bahia";"Uzbequistão";"MARITIMA";"0517800 - ALF - SALVADOR";"31042090";"Outros cloretos de potássio";"2744085";"324686";"1627";"10061545"
"2024";"05. Maio";"Bahia";"Alemanha";"MARITIMA";"0517800 - ALF - SALVADOR";"31042090";"Outros cloretos de potássio";"968205";"78100";"472";"2202748"
"2024";"05. Maio";"Bahia";"Alemanha";"MARITIMA";"0717600 - PORTO DO RIO DE JANEIRO";"31042090";"Outros cloretos de potássio";"245141";"24359";"175";"700000"
"2024";"05. Maio";"Bahia";"Argélia";"MARITIMA";"0517800 - ALF - SALVADOR";"31021010";"Ureia, mesmo em solução aquosa, com teor de nitrogênio (azoto) superior a 45 %, em peso, calculado sobre o produto anidro no estado seco";"5814551";"425000";"593";"20000000"
"2024";"05. Maio";"Bahia";"Barein";"MARITIMA";"0517800 - ALF - SALVADOR";"31021010";"Ureia, mesmo em solução aquosa, com teor de nitrogênio (azoto) superior a 45 %, em peso, calculado sobre o produto anidro no estado seco";"866562";"103005";"631";"2700743"
"2024";"05. Maio";"Bahia";"Canadá";"MARITIMA";"0517800 - ALF - SALVADOR";"31042010";"Cloreto de potássio, com teor de óxido de potássio (K2O) não superior a 60 %, em peso";"2272605";"525165";"1794";"8071414"
"2024";"05. Maio";"Bahia";"Canadá";"MARITIMA";"0517800 - ALF - SALVADOR";"31042090";"Outros cloretos de potássio";"6749062";"648954";"5884";"12776708"
"2024";"05. Maio";"Bahia";"Chile";"MARITIMA";"0917800 - PORTO DE PARANAGUA";"31059090";"Outros adubos/fertilizantes minerais químicos com nitrogênio e potássio";"282240";"21960";"246";"360000"
"2024";"05. Maio";"Bahia";"China";"MARITIMA";"0517800 - ALF - SALVADOR";"31022100";"Sulfato de amônio";"6208020";"917369";"2052";"42875000"
"2024";"05. Maio";"Bahia";"China";"MARITIMA";"0517800 - ALF - SALVADOR";"31026000";"Sais duplos e misturas de nitrato de cálcio e nitrato de amônio";"346745";"76060";"1285";"1402848"
"2024";"05. Maio";"Bahia";"China";"MARITIMA";"0517800 - ALF - SALVADOR";"31039090";"Outros adubos ou fertilizantes minerais/químicos, fosfatados";"4873375";"672125";"2609";"28300000"
"2024";"05. Maio";"Bahia";"China";"MARITIMA";"0517800 - ALF - SALVADOR";"31056000";"Adubos (fertilizantes) minerais ou químicos, que contenham os dois elementos fertilizantes: fósforo e potássio";"570927";"29578";"390";"467500"
"2024";"05. Maio";"Bahia";"China";"MARITIMA";"0817800 - PORTO DE SANTOS";"31056000";"Adubos (fertilizantes) minerais ou químicos, que contenham os dois elementos fertilizantes: fósforo e potássio";"235753";"17500";"205";"200200"
"2024";"05. Maio";"Bahia";"Egito";"MARITIMA";"0517800 - ALF - SALVADOR";"31031900";"Outros superfosfatos";"1777313";"284642";"1263";"10457979"
"2024";"05. Maio";"Bahia";"Egito";"MARITIMA";"0927700 - PORTO DE SAO FRANCISCO DO SUL";"31031900";"Outros superfosfatos";"855497";"119503";"517";"5200000"
"2024";"05. Maio";"Bahia";"Emirados Árabes Unidos";"MARITIMA";"0517800 - ALF - SALVADOR";"31021010";"Ureia, mesmo em solução aquosa, com teor de nitrogênio (azoto) superior a 45 %, em peso, calculado sobre o produto anidro no estado seco";"285600";"14000";"0";"560000"
"2024";"05. Maio";"Bahia";"Espanha";"MARITIMA";"0517800 - ALF - SALVADOR";"31031900";"Outros superfosfatos";"764323";"108199";"219";"2870000"
"2024";"05. Maio";"Bahia";"Espanha";"MARITIMA";"0517800 - ALF - SALVADOR";"31052000";"Adubos (fertilizantes) minerais ou químicos, que contenham os três elementos fertilizantes: nitrogênio (azoto), fósforo e potássio";"193652";"3832";"328";"226200"
"2024";"05. Maio";"Bahia";"Espanha";"MARITIMA";"0717600 - PORTO DO RIO DE JANEIRO";"31052000";"Adubos (fertilizantes) minerais ou químicos, que contenham os três elementos fertilizantes: nitrogênio (azoto), fósforo e potássio";"89546";"2815";"0";"37500"
"2024";"05. Maio";"Bahia";"Espanha";"MARITIMA";"0717600 - PORTO DO RIO DE JANEIRO";"31055900";"Outros adubos/fertilizantes minerais químicos, com nitrogênio e fósforo";"58656";"1238";"0";"16500"
"2024";"05. Maio";"Bahia";"Estados Unidos";"MARITIMA";"0517800 - ALF - SALVADOR";"31055900";"Outros adubos/fertilizantes minerais químicos, com nitrogênio e fósforo";"2698700";"111400";"2278";"5000000"
"2024";"05. Maio";"Bahia";"Finlândia";"MARITIMA";"0517800 - ALF - SALVADOR";"31052000";"Adubos (fertilizantes) minerais ou químicos, que contenham os três elementos fertilizantes: nitrogênio (azoto), fósforo e potássio";"909916";"116629";"311";"2451510"
"2024";"05. Maio";"Bahia";"Israel";"MARITIMA";"0517800 - ALF - SALVADOR";"31042090";"Outros cloretos de potássio";"3160702";"466939";"1656";"11374510"
"2024";"05. Maio";"Bahia";"Israel";"MARITIMA";"0717600 - PORTO DO RIO DE JANEIRO";"31052000";"Adubos (fertilizantes) minerais ou químicos, que contenham os três elementos fertilizantes: nitrogênio (azoto), fósforo e potássio";"163051";"5410";"211";"168000"
"2024";"05. Maio";"Bahia";"Israel";"MARITIMA";"0817800 - PORTO DE SANTOS";"31052000";"Adubos (fertilizantes) minerais ou químicos, que contenham os três elementos fertilizantes: nitrogênio (azoto), fósforo e potássio";"67541";"1062";"86";"48000"
"2024";"05. Maio";"Bahia";"Marrocos";"MARITIMA";"0440151 - MACEIO";"31054000";"Diidrogeno-ortofosfato de amônio (fosfato monoamônico ou monoamoniacal), mesmo misturado com hidrogeno-ortofosfato de diamônio (fosfato diamônico ou diamoniacal)";"4827998";"315488";"8481";"9024576"
"2024";"05. Maio";"Bahia";"Marrocos";"MARITIMA";"0517800 - ALF - SALVADOR";"31054000";"Diidrogeno-ortofosfato de amônio (fosfato monoamônico ou monoamoniacal), mesmo misturado com hidrogeno-ortofosfato de diamônio (fosfato diamônico ou diamoniacal)";"8221086";"476887";"12598";"16562895"
"2024";"05. Maio";"Bahia";"Noruega";"MARITIMA";"0517800 - ALF - SALVADOR";"31026000";"Sais duplos e misturas de nitrato de cálcio e nitrato de amônio";"274372";"31859";"93";"1128000"
"2024";"05. Maio";"Bahia";"Noruega";"MARITIMA";"0517800 - ALF - SALVADOR";"31029000";"Outros adubos ou fertilizantes minerais/químicos, nitrogenados, incluindo as misturas não mencionadas nas subposições precedentes";"677131";"132110";"243";"3352680"
"2024";"05. Maio";"Bahia";"Noruega";"MARITIMA";"0517800 - ALF - SALVADOR";"31052000";"Adubos (fertilizantes) minerais ou químicos, que contenham os três elementos fertilizantes: nitrogênio (azoto), fósforo e potássio";"396800";"38192";"132";"800000"
"2024";"05. Maio";"Bahia";"Países Baixos (Holanda)";"MARITIMA";"0517800 - ALF - SALVADOR";"31029000";"Outros adubos ou fertilizantes minerais/químicos, nitrogenados, incluindo as misturas não mencionadas nas subposições precedentes";"1226068";"189615";"430";"5008750"
"2024";"05. Maio";"Bahia";"Países Baixos (Holanda)";"MARITIMA";"0517800 - ALF - SALVADOR";"31059090";"Outros adubos/fertilizantes minerais químicos com nitrogênio e potássio";"68165";"1555";"21";"48000"
"2024";"05. Maio";"Bahia";"Portugal";"MARITIMA";"0517800 - ALF - SALVADOR";"31029000";"Outros adubos ou fertilizantes minerais/químicos, nitrogenados, incluindo as misturas não mencionadas nas subposições precedentes";"14344";"205";"114";"26640"
"2024";"05. Maio";"Bahia";"Rússia";"MARITIMA";"0517800 - ALF - SALVADOR";"31021010";"Ureia, mesmo em solução aquosa, com teor de nitrogênio (azoto) superior a 45 %, em peso, calculado sobre o produto anidro no estado seco";"2734087";"389694";"511";"5306370"
"2024";"05. Maio";"Bahia";"Rússia";"MARITIMA";"0517800 - ALF - SALVADOR";"31042090";"Outros cloretos de potássio";"19738877";"3464313";"7330";"76051504"
"2024";"05. Maio";"Bahia";"Rússia";"MARITIMA";"0517800 - ALF - SALVADOR";"31054000";"Diidrogeno-ortofosfato de amônio (fosfato monoamônico ou monoamoniacal), mesmo misturado com hidrogeno-ortofosfato de diamônio (fosfato diamônico ou diamoniacal)";"1781981";"205423";"1213";"2511139"
"2024";"05. Maio";"Bahia";"Tcheca, República";"MARITIMA";"0517800 - ALF - SALVADOR";"31026000";"Sais duplos e misturas de nitrato de cálcio e nitrato de amônio";"185815";"8995";"158";"506000"
"2024";"05. Maio";"Bahia";"Tcheca, República";"MARITIMA";"0717600 - PORTO DO RIO DE JANEIRO";"31026000";"Sais duplos e misturas de nitrato de cálcio e nitrato de amônio";"185723";"9087";"158";"506000"
"2024";"05. Maio";"Bahia";"Uzbequistão";"MARITIMA";"0517800 - ALF - SALVADOR";"31042090";"Outros cloretos de potássio";"14087177";"2271832";"1311";"53702661"
"2024";"04. Abril";"Bahia";"Alemanha";"MARITIMA";"0517800 - ALF - SALVADOR";"31042090";"Outros cloretos de potássio";"420524";"41476";"301";"1200000"
"2024";"04. Abril";"Bahia";"Bélgica";"MARITIMA";"0517800 - ALF - SALVADOR";"31043010";"Sulfato de potássio, com teor de óxido de potássio (K2O) não superior a 52 %, em peso";"102033";"746";"31";"135000"
"2024";"04. Abril";"Bahia";"Canadá";"MARITIMA";"0517800 - ALF - SALVADOR";"31042010";"Cloreto de potássio, com teor de óxido de potássio (K2O) não superior a 60 %, em peso";"1813798";"299871";"1648";"7075261"
"2024";"04. Abril";"Bahia";"Canadá";"MARITIMA";"0517800 - ALF - SALVADOR";"31042090";"Outros cloretos de potássio";"7890484";"956764";"3478";"24694193"
"2024";"04. Abril";"Bahia";"Catar";"MARITIMA";"0517800 - ALF - SALVADOR";"31021010";"Ureia, mesmo em solução aquosa, com teor de nitrogênio (azoto) superior a 45 %, em peso, calculado sobre o produto anidro no estado seco";"11952974";"898300";"4407";"34550000"
"2024";"04. Abril";"Bahia";"Chile";"MARITIMA";"0517800 - ALF - SALVADOR";"31042010";"Cloreto de potássio, com teor de óxido de potássio (K2O) não superior a 60 %, em peso";"2245083";"236483";"1115";"8520132"
"2024";"04. Abril";"Bahia";"Chile";"MARITIMA";"0517800 - ALF - SALVADOR";"31059090";"Outros adubos/fertilizantes minerais químicos com nitrogênio e potássio";"4264182";"128174";"4948";"5100400"
"2024";"04. Abril";"Bahia";"Chile";"MARITIMA";"0817800 - PORTO DE SANTOS";"31059090";"Outros adubos/fertilizantes minerais químicos com nitrogênio e potássio";"282240";"21960";"246";"360000"
"2024";"04. Abril";"Bahia";"China";"MARITIMA";"0517800 - ALF - SALVADOR";"31022100";"Sulfato de amônio";"3140673";"585695";"981";"20700000"
"2024";"04. Abril";"Bahia";"China";"MARITIMA";"0517800 - ALF - SALVADOR";"31026000";"Sais duplos e misturas de nitrato de cálcio e nitrato de amônio";"699219";"263418";"658";"2898550"
"2024";"04. Abril";"Bahia";"China";"MARITIMA";"0817800 - PORTO DE SANTOS";"31056000";"Adubos (fertilizantes) minerais ou químicos, que contenham os dois elementos fertilizantes: fósforo e potássio";"292947";"26000";"258";"228800"
"2024";"04. Abril";"Bahia";"Egito";"MARITIMA";"0217800 - ALF - BELÉM";"31031900";"Outros superfosfatos";"4687500";"652500";"0";"30000000"
"2024";"04. Abril";"Bahia";"Egito";"MARITIMA";"0517800 - ALF - SALVADOR";"31031900";"Outros superfosfatos";"3902074";"478160";"1101";"19575276"
"2024";"04. Abril";"Bahia";"Egito";"MARITIMA";"0517800 - ALF - SALVADOR";"31043010";"Sulfato de potássio, com teor de óxido de potássio (K2O) não superior a 52 %, em peso";"183997";"7403";"155";"264000"
"2024";"04. Abril";"Bahia";"Espanha";"MARITIMA";"0517800 - ALF - SALVADOR";"31052000";"Adubos (fertilizantes) minerais ou químicos, que contenham os três elementos fertilizantes: nitrogênio (azoto), fósforo e potássio";"39605";"2089";"0";"21000"
"2024";"04. Abril";"Bahia";"Espanha";"MARITIMA";"0517800 - ALF - SALVADOR";"31055900";"Outros adubos/fertilizantes minerais químicos, com nitrogênio e fósforo";"57695";"1641";"0";"16500"
"2024";"04. Abril";"Bahia";"Estados Unidos";"MARITIMA";"0517800 - ALF - SALVADOR";"31049090";"Outros adubos ou fertilizantes minerais/químicos, potássicos";"1147677";"128862";"1035";"4026938"
"2024";"04. Abril";"Bahia";"Israel";"MARITIMA";"0517800 - ALF - SALVADOR";"31052000";"Adubos (fertilizantes) minerais ou químicos, que contenham os três elementos fertilizantes: nitrogênio (azoto), fósforo e potássio";"285481";"5995";"365";"264000"
"2024";"04. Abril";"Bahia";"Israel";"MARITIMA";"0517800 - ALF - SALVADOR";"31059090";"Outros adubos/fertilizantes minerais químicos com nitrogênio e potássio";"453896";"10038";"376";"504000"
"2024";"04. Abril";"Bahia";"Jordânia";"MARITIMA";"0517800 - ALF - SALVADOR";"31052000";"Adubos (fertilizantes) minerais ou químicos, que contenham os três elementos fertilizantes: nitrogênio (azoto), fósforo e potássio";"414253";"44016";"371";"504000"
"2024";"04. Abril";"Bahia";"Jordânia";"MARITIMA";"0517800 - ALF - SALVADOR";"31059090";"Outros adubos/fertilizantes minerais químicos com nitrogênio e potássio";"669178";"72574";"556";"816000"
"2024";"04. Abril";"Bahia";"Marrocos";"MARITIMA";"0440151 - MACEIO";"31054000";"Diidrogeno-ortofosfato de amônio (fosfato monoamônico ou monoamoniacal), mesmo misturado com hidrogeno-ortofosfato de diamônio (fosfato diamônico ou diamoniacal)";"3141204";"123596";"5428";"5830000"
"2024";"04. Abril";"Bahia";"Marrocos";"MARITIMA";"0517800 - ALF - SALVADOR";"31031100";"Superfosfatos, que contenham, em peso, 35 % ou mais de pentóxido de difósforo (P2O5)";"9686995";"533634";"16992";"24763000"
"2024";"04. Abril";"Bahia";"Marrocos";"MARITIMA";"0517800 - ALF - SALVADOR";"31054000";"Diidrogeno-ortofosfato de amônio (fosfato monoamônico ou monoamoniacal), mesmo misturado com hidrogeno-ortofosfato de diamônio (fosfato diamônico ou diamoniacal)";"5932300";"227700";"10241";"11000000"
"2024";"04. Abril";"Bahia";"Marrocos";"MARITIMA";"0517800 - ALF - SALVADOR";"31055900";"Outros adubos/fertilizantes minerais químicos, com nitrogênio e fósforo";"2993650";"113850";"5166";"5500000"
"2024";"04. Abril";"Bahia";"Noruega";"MARITIMA";"0517800 - ALF - SALVADOR";"31026000";"Sais duplos e misturas de nitrato de cálcio e nitrato de amônio";"177686";"21317";"60";"744000"
"2024";"04. Abril";"Bahia";"Noruega";"MARITIMA";"0517800 - ALF - SALVADOR";"31029000";"Outros adubos ou fertilizantes minerais/químicos, nitrogenados, incluindo as misturas não mencionadas nas subposições precedentes";"482218";"88000";"174";"2200000"
"2024";"04. Abril";"Bahia";"Noruega";"MARITIMA";"0517800 - ALF - SALVADOR";"31052000";"Adubos (fertilizantes) minerais ou químicos, que contenham os três elementos fertilizantes: nitrogênio (azoto), fósforo e potássio";"1223496";"132560";"413";"3314000"
"2024";"04. Abril";"Bahia";"Rússia";"MARITIMA";"0517800 - ALF - SALVADOR";"31021010";"Ureia, mesmo em solução aquosa, com teor de nitrogênio (azoto) superior a 45 %, em peso, calculado sobre o produto anidro no estado seco";"2344978";"347700";"1019";"7003175"
"2024";"04. Abril";"Bahia";"Rússia";"MARITIMA";"0517800 - ALF - SALVADOR";"31042090";"Outros cloretos de potássio";"8824219";"2005793";"2659";"33523305"
"2024";"04. Abril";"Bahia";"Rússia";"MARITIMA";"0517800 - ALF - SALVADOR";"31052000";"Adubos (fertilizantes) minerais ou químicos, que contenham os três elementos fertilizantes: nitrogênio (azoto), fósforo e potássio";"1420950";"215000";"1065";"5000000"
"2024";"04. Abril";"Bahia";"Rússia";"MARITIMA";"0517800 - ALF - SALVADOR";"31054000";"Diidrogeno-ortofosfato de amônio (fosfato monoamônico ou monoamoniacal), mesmo misturado com hidrogeno-ortofosfato de diamônio (fosfato diamônico ou diamoniacal)";"21991943";"2084538";"7197";"42688787"
"2024";"04. Abril";"Bahia";"Rússia";"MARITIMA";"0817800 - PORTO DE SANTOS";"31021010";"Ureia, mesmo em solução aquosa, com teor de nitrogênio (azoto) superior a 45 %, em peso, calculado sobre o produto anidro no estado seco";"219960";"27000";"0";"504000"
"2024";"04. Abril";"Bahia";"Rússia";"MARITIMA";"0917800 - PORTO DE PARANAGUA";"31042090";"Outros cloretos de potássio";"1158000";"282000";"0";"5042854"
"2024";"04. Abril";"Bahia";"Tcheca, República";"MARITIMA";"0517800 - ALF - SALVADOR";"31026000";"Sais duplos e misturas de nitrato de cálcio e nitrato de amônio";"172497";"22313";"158";"506000"
"2024";"04. Abril";"Bahia";"Uzbequistão";"MARITIMA";"0517800 - ALF - SALVADOR";"31042090";"Outros cloretos de potássio";"2015124";"76450";"0";"6971914"
"2024";"04. Abril";"Bahia";"Venezuela";"MARITIMA";"0517800 - ALF - SALVADOR";"31021010";"Ureia, mesmo em solução aquosa, com teor de nitrogênio (azoto) superior a 45 %, em peso, calculado sobre o produto anidro no estado seco";"2586148";"328907";"1937";"7868599"
"2024";"03. Março";"Bahia";"Argélia";"MARITIMA";"0517800 - ALF - SALVADOR";"31021010";"Ureia, mesmo em solução aquosa, com teor de nitrogênio (azoto) superior a 45 %, em peso, calculado sobre o produto anidro no estado seco";"1651269";"135000";"562";"5021136"
"2024";"03. Março";"Bahia";"Canadá";"MARITIMA";"0517800 - ALF - SALVADOR";"31042090";"Outros cloretos de potássio";"2562043";"249850";"1311";"9005596"
"2024";"03. Março";"Bahia";"China";"MARITIMA";"0517800 - ALF - SALVADOR";"31022100";"Sulfato de amônio";"1778488";"191582";"1081";"11300000"
"2024";"03. Março";"Bahia";"China";"MARITIMA";"0517800 - ALF - SALVADOR";"31026000";"Sais duplos e misturas de nitrato de cálcio e nitrato de amônio";"215627";"62000";"194";"828800"
"2024";"03. Março";"Bahia";"China";"MARITIMA";"0517800 - ALF - SALVADOR";"31039090";"Outros adubos ou fertilizantes minerais/químicos, fosfatados";"3667600";"332400";"1155";"20000000"
"2024";"03. Março";"Bahia";"China";"MARITIMA";"0517800 - ALF - SALVADOR";"31054000";"Diidrogeno-ortofosfato de amônio (fosfato monoamônico ou monoamoniacal), mesmo misturado com hidrogeno-ortofosfato de diamônio (fosfato diamônico ou diamoniacal)";"942181";"125345";"865";"1210200"
"2024";"03. Março";"Bahia";"China";"MARITIMA";"0517800 - ALF - SALVADOR";"31056000";"Adubos (fertilizantes) minerais ou químicos, que contenham os dois elementos fertilizantes: fósforo e potássio";"309143";"31457";"276";"260000"
"2024";"03. Março";"Bahia";"China";"MARITIMA";"0817800 - PORTO DE SANTOS";"31055900";"Outros adubos/fertilizantes minerais químicos, com nitrogênio e fósforo";"59279";"10993";"57";"72000"
"2024";"03. Março";"Bahia";"China";"MARITIMA";"0817800 - PORTO DE SANTOS";"31056000";"Adubos (fertilizantes) minerais ou químicos, que contenham os dois elementos fertilizantes: fósforo e potássio";"355834";"28550";"311";"286000"
"2024";"03. Março";"Bahia";"Egito";"MARITIMA";"0517800 - ALF - SALVADOR";"31043010";"Sulfato de potássio, com teor de óxido de potássio (K2O) não superior a 52 %, em peso";"2013325";"80675";"1493";"2882000"
"2024";"03. Março";"Bahia";"Espanha";"MARITIMA";"0517800 - ALF - SALVADOR";"31052000";"Adubos (fertilizantes) minerais ou químicos, que contenham os três elementos fertilizantes: nitrogênio (azoto), fósforo e potássio";"49986";"1514";"0";"16500"
"2024";"03. Março";"Bahia";"Espanha";"MARITIMA";"0517800 - ALF - SALVADOR";"31055900";"Outros adubos/fertilizantes minerais químicos, com nitrogênio e fósforo";"118150";"3028";"0";"33000"
"2024";"03. Março";"Bahia";"Finlândia";"MARITIMA";"0517800 - ALF - SALVADOR";"31052000";"Adubos (fertilizantes) minerais ou químicos, que contenham os três elementos fertilizantes: nitrogênio (azoto), fósforo e potássio";"36624";"5071";"13";"72000"
"2024";"03. Março";"Bahia";"Indonésia";"MARITIMA";"0517800 - ALF - SALVADOR";"31021010";"Ureia, mesmo em solução aquosa, com teor de nitrogênio (azoto) superior a 45 %, em peso, calculado sobre o produto anidro no estado seco";"1720727";"239000";"881";"5024942"
"2024";"03. Março";"Bahia";"Israel";"MARITIMA";"0517800 - ALF - SALVADOR";"31042090";"Outros cloretos de potássio";"3300756";"452266";"2205";"13404470"
"2024";"03. Março";"Bahia";"Jordânia";"MARITIMA";"0517800 - ALF - SALVADOR";"31059090";"Outros adubos/fertilizantes minerais químicos com nitrogênio e potássio";"946083";"94182";"719";"1100000"
"2024";"03. Março";"Bahia";"Marrocos";"MARITIMA";"0517800 - ALF - SALVADOR";"31054000";"Diidrogeno-ortofosfato de amônio (fosfato monoamônico ou monoamoniacal), mesmo misturado com hidrogeno-ortofosfato de diamônio (fosfato diamônico ou diamoniacal)";"3505624";"141930";"4969";"7000000"
"2024";"03. Março";"Bahia";"Nigéria";"MARITIMA";"0517800 - ALF - SALVADOR";"31021010";"Ureia, mesmo em solução aquosa, com teor de nitrogênio (azoto) superior a 45 %, em peso, calculado sobre o produto anidro no estado seco";"4563339";"418750";"769";"12500000"
"2024";"03. Março";"Bahia";"Noruega";"MARITIMA";"0517800 - ALF - SALVADOR";"31026000";"Sais duplos e misturas de nitrato de cálcio e nitrato de amônio";"439381";"108594";"166";"1800000"
"2024";"03. Março";"Bahia";"Países Baixos (Holanda)";"MARITIMA";"0517800 - ALF - SALVADOR";"31022100";"Sulfato de amônio";"1205596";"251193";"659";"7874534"
"2024";"03. Março";"Bahia";"Rússia";"MARITIMA";"0517800 - ALF - SALVADOR";"31042090";"Outros cloretos de potássio";"8857545";"1841688";"3482";"37432602"
"2024";"02. Fevereiro";"Bahia";"Bélgica";"MARITIMA";"0817800 - PORTO DE SANTOS";"31043010";"Sulfato de potássio, com teor de óxido de potássio (K2O) não superior a 52 %, em peso";"329484";"16511";"280";"513000"
"2024";"02. Fevereiro";"Bahia";"Canadá";"MARITIMA";"0517800 - ALF - SALVADOR";"31042090";"Outros cloretos de potássio";"4679096";"466320";"2577";"11514429"
"2024";"02. Fevereiro";"Bahia";"China";"MARITIMA";"0517800 - ALF - SALVADOR";"31010000";"Adubos (fertilizantes) de origem animal ou vegetal, mesmo misturados entre si ou tratados quimicamente; adubos (fertilizantes) resultantes da mistura ou do tratamento químico de produtos de origem animal ou vegetal";"35833";"2700";"20";"12000"
"2024";"02. Fevereiro";"Bahia";"China";"MARITIMA";"0517800 - ALF - SALVADOR";"31022100";"Sulfato de amônio";"703780";"132220";"378";"4400000"
"2024";"02. Fevereiro";"Bahia";"China";"MARITIMA";"0517800 - ALF - SALVADOR";"31054000";"Diidrogeno-ortofosfato de amônio (fosfato monoamônico ou monoamoniacal), mesmo misturado com hidrogeno-ortofosfato de diamônio (fosfato diamônico ou diamoniacal)";"272664";"26280";"242";"345600"
"2024";"02. Fevereiro";"Bahia";"China";"MARITIMA";"0817800 - PORTO DE SANTOS";"31055900";"Outros adubos/fertilizantes minerais químicos, com nitrogênio e fósforo";"145839";"26217";"139";"192000"
"2024";"02. Fevereiro";"Bahia";"Egito";"MARITIMA";"0517800 - ALF - SALVADOR";"31031900";"Outros superfosfatos";"519891";"83585";"771";"3657428"
"2024";"02. Fevereiro";"Bahia";"Espanha";"MARITIMA";"0517800 - ALF - SALVADOR";"31023000";"Nitrato de amônio, mesmo em solução aquosa";"58114";"2166";"49";"88000"
"2024";"02. Fevereiro";"Bahia";"Espanha";"MARITIMA";"0517800 - ALF - SALVADOR";"31052000";"Adubos (fertilizantes) minerais ou químicos, que contenham os três elementos fertilizantes: nitrogênio (azoto), fósforo e potássio";"37272";"1449";"0";"12375"
"2024";"02. Fevereiro";"Bahia";"Espanha";"MARITIMA";"0817800 - PORTO DE SANTOS";"31051000";"Produtos do presente Capítulo (adubos ou fertilizantes) apresentados em tabletes ou formas semelhantes, ou ainda em embalagens com peso bruto não superior a 10 kg";"4053";"9";"0";"96"
"2024";"02. Fevereiro";"Bahia";"Estados Unidos";"MARITIMA";"0517800 - ALF - SALVADOR";"31055900";"Outros adubos/fertilizantes minerais químicos, com nitrogênio e fósforo";"1961640";"244400";"1788";"4000000"
"2024";"02. Fevereiro";"Bahia";"Finlândia";"MARITIMA";"0817800 - PORTO DE SANTOS";"31052000";"Adubos (fertilizantes) minerais ou químicos, que contenham os três elementos fertilizantes: nitrogênio (azoto), fósforo e potássio";"12501";"1679";"4";"24000"
"2024";"02. Fevereiro";"Bahia";"Israel";"MARITIMA";"0517800 - ALF - SALVADOR";"31042090";"Outros cloretos de potássio";"2510340";"317362";"1660";"8647956"
"2024";"02. Fevereiro";"Bahia";"Israel";"MARITIMA";"0517800 - ALF - SALVADOR";"31052000";"Adubos (fertilizantes) minerais ou químicos, que contenham os três elementos fertilizantes: nitrogênio (azoto), fósforo e potássio";"283149";"6816";"363";"288000"
"2024";"02. Fevereiro";"Bahia";"Israel";"MARITIMA";"0517800 - ALF - SALVADOR";"31056000";"Adubos (fertilizantes) minerais ou químicos, que contenham os dois elementos fertilizantes: fósforo e potássio";"37532";"652";"48";"24000"
"2024";"02. Fevereiro";"Bahia";"Marrocos";"MARITIMA";"0517800 - ALF - SALVADOR";"31031100";"Superfosfatos, que contenham, em peso, 35 % ou mais de pentóxido de difósforo (P2O5)";"8199897";"407550";"14300";"22016657"
"2024";"02. Fevereiro";"Bahia";"Marrocos";"MARITIMA";"0517800 - ALF - SALVADOR";"31054000";"Diidrogeno-ortofosfato de amônio (fosfato monoamônico ou monoamoniacal), mesmo misturado com hidrogeno-ortofosfato de diamônio (fosfato diamônico ou diamoniacal)";"6133051";"234034";"10528";"11240000"
"2024";"02. Fevereiro";"Bahia";"México";"MARITIMA";"0817800 - PORTO DE SANTOS";"31023000";"Nitrato de amônio, mesmo em solução aquosa";"153494";"23784";"144";"312000"
"2024";"02. Fevereiro";"Bahia";"México";"MARITIMA";"0927700 - PORTO DE SAO FRANCISCO DO SUL";"31023000";"Nitrato de amônio, mesmo em solução aquosa";"361262";"71794";"351";"624000"
"2024";"02. Fevereiro";"Bahia";"Noruega";"MARITIMA";"0517800 - ALF - SALVADOR";"31052000";"Adubos (fertilizantes) minerais ou químicos, que contenham os três elementos fertilizantes: nitrogênio (azoto), fósforo e potássio";"893209";"90275";"310";"2263950"
"2024";"02. Fevereiro";"Bahia";"Rússia";"MARITIMA";"0217800 - ALF - BELÉM";"31042090";"Outros cloretos de potássio";"1686411";"347099";"0";"7012104"
"2024";"02. Fevereiro";"Bahia";"Rússia";"MARITIMA";"0517800 - ALF - SALVADOR";"31042090";"Outros cloretos de potássio";"4791619";"978850";"1843";"14274415"
"2024";"02. Fevereiro";"Bahia";"Rússia";"MARITIMA";"0517800 - ALF - SALVADOR";"31052000";"Adubos (fertilizantes) minerais ou químicos, que contenham os três elementos fertilizantes: nitrogênio (azoto), fósforo e potássio";"743295";"111494";"556";"2477650"
"2024";"02. Fevereiro";"Bahia";"Rússia";"MARITIMA";"0517800 - ALF - SALVADOR";"31054000";"Diidrogeno-ortofosfato de amônio (fosfato monoamônico ou monoamoniacal), mesmo misturado com hidrogeno-ortofosfato de diamônio (fosfato diamônico ou diamoniacal)";"13434215";"1153875";"5020";"25941305"
"2024";"02. Fevereiro";"Bahia";"Uzbequistão";"MARITIMA";"0517800 - ALF - SALVADOR";"31042090";"Outros cloretos de potássio";"2379357";"404200";"0";"8698615"
"2024";"01. Janeiro";"Bahia";"Barein";"MARITIMA";"0517800 - ALF - SALVADOR";"31021010";"Ureia, mesmo em solução aquosa, com teor de nitrogênio (azoto) superior a 45 %, em peso, calculado sobre o produto anidro no estado seco";"971850";"114450";"343";"3000000"
"2024";"01. Janeiro";"Bahia";"Bélgica";"MARITIMA";"0517800 - ALF - SALVADOR";"31043010";"Sulfato de potássio, com teor de óxido de potássio (K2O) não superior a 52 %, em peso";"346662";"20297";"164";"532400"
"2024";"01. Janeiro";"Bahia";"Canadá";"MARITIMA";"0517800 - ALF - SALVADOR";"31042010";"Cloreto de potássio, com teor de óxido de potássio (K2O) não superior a 60 %, em peso";"807700";"83140";"575";"2000000"
"2024";"01. Janeiro";"Bahia";"Chile";"MARITIMA";"0517800 - ALF - SALVADOR";"31042010";"Cloreto de potássio, com teor de óxido de potássio (K2O) não superior a 60 %, em peso";"1723760";"190240";"0";"5800000"
"2024";"01. Janeiro";"Bahia";"Chile";"MARITIMA";"0517800 - ALF - SALVADOR";"31059090";"Outros adubos/fertilizantes minerais químicos com nitrogênio e potássio";"1491451";"55913";"1743";"1700400"
"2024";"01. Janeiro";"Bahia";"China";"MARITIMA";"0517800 - ALF - SALVADOR";"31022100";"Sulfato de amônio";"1807787";"275943";"1082";"10900000"
"2024";"01. Janeiro";"Bahia";"China";"MARITIMA";"0517800 - ALF - SALVADOR";"31039090";"Outros adubos ou fertilizantes minerais/químicos, fosfatados";"2072350";"541650";"210";"13800000"
"2024";"01. Janeiro";"Bahia";"China";"MARITIMA";"0517800 - ALF - SALVADOR";"31054000";"Diidrogeno-ortofosfato de amônio (fosfato monoamônico ou monoamoniacal), mesmo misturado com hidrogeno-ortofosfato de diamônio (fosfato diamônico ou diamoniacal)";"123477";"12700";"33";"148750"
"2024";"01. Janeiro";"Bahia";"China";"MARITIMA";"0517800 - ALF - SALVADOR";"31056000";"Adubos (fertilizantes) minerais ou químicos, que contenham os dois elementos fertilizantes: fósforo e potássio";"47978";"2200";"0";"28750"
"2024";"01. Janeiro";"Bahia";"Egito";"MARITIMA";"0517800 - ALF - SALVADOR";"31031900";"Outros superfosfatos";"961200";"176580";"514";"5405130"
"2024";"01. Janeiro";"Bahia";"Espanha";"MARITIMA";"0517800 - ALF - SALVADOR";"31023000";"Nitrato de amônio, mesmo em solução aquosa";"58193";"2087";"49";"88000"
"2024";"01. Janeiro";"Bahia";"Espanha";"MARITIMA";"0517800 - ALF - SALVADOR";"31052000";"Adubos (fertilizantes) minerais ou químicos, que contenham os três elementos fertilizantes: nitrogênio (azoto), fósforo e potássio";"156123";"3201";"104";"120000"
"2024";"01. Janeiro";"Bahia";"Estados Unidos";"MARITIMA";"0517800 - ALF - SALVADOR";"31022100";"Sulfato de amônio";"1762462";"923688";"175";"20300840"
"2024";"01. Janeiro";"Bahia";"Israel";"MARITIMA";"0517800 - ALF - SALVADOR";"31042090";"Outros cloretos de potássio";"2363854";"367400";"2797";"8800520"
"2024";"01. Janeiro";"Bahia";"Israel";"MARITIMA";"0517800 - ALF - SALVADOR";"31052000";"Adubos (fertilizantes) minerais ou químicos, que contenham os três elementos fertilizantes: nitrogênio (azoto), fósforo e potássio";"70242";"1956";"90";"72000"
"2024";"01. Janeiro";"Bahia";"Israel";"MARITIMA";"0517800 - ALF - SALVADOR";"31056000";"Adubos (fertilizantes) minerais ou químicos, que contenham os dois elementos fertilizantes: fósforo e potássio";"37532";"652";"48";"24000"
"2024";"01. Janeiro";"Bahia";"Jordânia";"MARITIMA";"0517800 - ALF - SALVADOR";"31059090";"Outros adubos/fertilizantes minerais químicos com nitrogênio e potássio";"968052";"100450";"789";"1176000"
"2024";"01. Janeiro";"Bahia";"Nigéria";"MARITIMA";"0517800 - ALF - SALVADOR";"31021010";"Ureia, mesmo em solução aquosa, com teor de nitrogênio (azoto) superior a 45 %, em peso, calculado sobre o produto anidro no estado seco";"1830000";"138000";"0";"6000000"
"2024";"01. Janeiro";"Bahia";"Noruega";"MARITIMA";"0517800 - ALF - SALVADOR";"31026000";"Sais duplos e misturas de nitrato de cálcio e nitrato de amônio";"367766";"82061";"138";"1392000"
"2024";"01. Janeiro";"Bahia";"Omã";"MARITIMA";"0517800 - ALF - SALVADOR";"31021010";"Ureia, mesmo em solução aquosa, com teor de nitrogênio (azoto) superior a 45 %, em peso, calculado sobre o produto anidro no estado seco";"2392000";"88000";"0";"8000000"
"2024";"01. Janeiro";"Bahia";"Portugal";"MARITIMA";"0517800 - ALF - SALVADOR";"31010000";"Adubos (fertilizantes) de origem animal ou vegetal, mesmo misturados entre si ou tratados quimicamente; adubos (fertilizantes) resultantes da mistura ou do tratamento químico de produtos de origem animal ou vegetal";"62401";"2812";"431";"114240"
"2024";"01. Janeiro";"Bahia";"Portugal";"MARITIMA";"0517800 - ALF - SALVADOR";"31029000";"Outros adubos ou fertilizantes minerais/químicos, nitrogenados, incluindo as misturas não mencionadas nas subposições precedentes";"97208";"4345";"625";"158040"
"2024";"01. Janeiro";"Bahia";"Portugal";"MARITIMA";"0517800 - ALF - SALVADOR";"31052000";"Adubos (fertilizantes) minerais ou químicos, que contenham os três elementos fertilizantes: nitrogênio (azoto), fósforo e potássio";"21742";"1714";"172";"45600"
"2024";"01. Janeiro";"Bahia";"Rússia";"MARITIMA";"0517800 - ALF - SALVADOR";"31042090";"Outros cloretos de potássio";"258975";"82401";"131";"1177160"
"2024";"01. Janeiro";"Bahia";"Rússia";"MARITIMA";"0517800 - ALF - SALVADOR";"31052000";"Adubos (fertilizantes) minerais ou químicos, que contenham os três elementos fertilizantes: nitrogênio (azoto), fósforo e potássio";"2664900";"304500";"1342";"7000000"
"2024";"01. Janeiro";"Bahia";"Rússia";"MARITIMA";"0517800 - ALF - SALVADOR";"31054000";"Diidrogeno-ortofosfato de amônio (fosfato monoamônico ou monoamoniacal), mesmo misturado com hidrogeno-ortofosfato de diamônio (fosfato diamônico ou diamoniacal)";"1989538";"175805";"0";"3588000"
"2024";"01. Janeiro";"Bahia";"Rússia";"MARITIMA";"0817800 - PORTO DE SANTOS";"31021010";"Ureia, mesmo em solução aquosa, com teor de nitrogênio (azoto) superior a 45 %, em peso, calculado sobre o produto anidro no estado seco";"131340";"16500";"0";"308000"
"2024";"01. Janeiro";"Bahia";"Uzbequistão";"MARITIMA";"0517800 - ALF - SALVADOR";"31042090";"Outros cloretos de potássio";"3968313";"736127";"0";"14265906"